date,state_mx,source,landing_page,dropoff_page,device,browser,sessions,bounce_rate,avg_duration_sec
2026-04-01,Ciudad de México,Social,/home,/exit,Mobile,Chrome,412,0.669,113
2026-04-01,Ciudad de México,Organic,/contacto,/nosotros,Desktop,Chrome,325,0.362,168
2026-04-01,Quintana Roo,Social,/blog,/home,Mobile,Chrome,34,0.809,160
2026-04-01,Quintana Roo,Social,/nosotros,/home,Mobile,Firefox,32,0.611,102
2026-04-01,Ciudad de México,Organic,/servicios,/exit,Mobile,Chrome,314,0.539,155
2026-04-01,Jalisco,Organic,/home,/exit,Mobile,Firefox,114,0.595,155
2026-04-01,Morelos,Social,/home,/blog,Desktop,Safari,9,0.525,149
2026-04-01,Veracruz,CPC,/nosotros,/blog,Desktop,Chrome,32,0.527,153
2026-04-01,Guanajuato,CPC,/contacto,/blog,Desktop,Chrome,37,0.418,145
2026-04-01,Ciudad de México,Organic,/nosotros,/contacto,Desktop,Safari,315,0.299,161
2026-04-01,Coahuila,Organic,/contacto,/exit,Desktop,Safari,28,0.401,182
2026-04-01,Nuevo León,Email,/contacto,/exit,Desktop,Chrome,117,0.389,134
2026-04-01,Querétaro,CPC,/contacto,/exit,Mobile,Safari,86,0.533,103
2026-04-01,Ciudad de México,CPC,/servicios,/home,Tablet,Safari,409,0.61,184
2026-04-01,Ciudad de México,Social,/nosotros,/exit,Desktop,Chrome,272,0.576,131
2026-04-01,Ciudad de México,CPC,/blog,/nosotros,Desktop,Chrome,371,0.544,218
2026-04-01,Ciudad de México,Organic,/servicios,/exit,Mobile,Chrome,232,0.584,207
2026-04-01,Coahuila,Organic,/servicios,/exit,Mobile,Safari,30,0.572,188
2026-04-01,Nuevo León,Organic,/nosotros,/contacto,Desktop,Chrome,133,0.505,181
2026-04-01,Quintana Roo,Organic,/servicios,/contacto,Mobile,Chrome,30,0.584,163
2026-04-01,Quintana Roo,Direct,/contacto,/exit,Mobile,Safari,45,0.429,173
2026-04-02,Coahuila,Direct,/nosotros,/blog,Mobile,Chrome,31,0.453,182
2026-04-02,Guanajuato,Social,/servicios,/blog,Desktop,Chrome,65,0.58,179
2026-04-02,Ciudad de México,CPC,/home,/exit,Desktop,Chrome,249,0.527,148
2026-04-02,Coahuila,CPC,/contacto,/contacto,Tablet,Chrome,27,0.455,126
2026-04-02,Jalisco,Organic,/blog,/nosotros,Desktop,Chrome,158,0.409,246
2026-04-02,Tamaulipas,Organic,/home,/servicios,Desktop,Chrome,19,0.461,182
2026-04-02,Ciudad de México,Organic,/contacto,/exit,Mobile,Chrome,362,0.592,142
2026-04-02,Jalisco,Social,/home,/exit,Tablet,Chrome,162,0.58,169
2026-04-02,Guanajuato,Organic,/nosotros,/servicios,Desktop,Chrome,55,0.474,180
2026-04-02,Ciudad de México,Organic,/blog,/servicios,Desktop,Chrome,326,0.497,232
2026-04-02,Tamaulipas,Social,/blog,/exit,Mobile,Chrome,16,0.816,184
2026-04-02,Tamaulipas,Email,/servicios,/exit,Mobile,Chrome,25,0.608,131
2026-04-02,Querétaro,Organic,/servicios,/exit,Desktop,Edge,52,0.44,180
2026-04-02,Puebla,Social,/home,/nosotros,Mobile,Chrome,46,0.696,148
2026-04-02,Nuevo León,Organic,/home,/exit,Desktop,Chrome,112,0.516,135
2026-04-02,Ciudad de México,Social,/contacto,/blog,Mobile,Opera,240,0.666,157
2026-04-02,Ciudad de México,Organic,/blog,/contacto,Mobile,Safari,430,0.611,221
2026-04-03,Ciudad de México,CPC,/servicios,/nosotros,Mobile,Safari,250,0.597,124
2026-04-03,Ciudad de México,Direct,/blog,/nosotros,Mobile,Safari,292,0.586,245
2026-04-03,Jalisco,Social,/nosotros,/exit,Mobile,Chrome,100,0.702,146
2026-04-03,Querétaro,Organic,/contacto,/nosotros,Mobile,Safari,87,0.478,128
2026-04-03,Puebla,CPC,/servicios,/exit,Mobile,Firefox,49,0.659,147
2026-04-03,Morelos,CPC,/contacto,/servicios,Desktop,Chrome,16,0.417,151
2026-04-03,Puebla,Direct,/nosotros,/servicios,Desktop,Edge,74,0.268,190
2026-04-03,Veracruz,Organic,/contacto,/exit,Mobile,Chrome,28,0.439,121
2026-04-03,Nuevo León,Direct,/nosotros,/contacto,Mobile,Edge,138,0.476,133
2026-04-03,Querétaro,Organic,/blog,/nosotros,Mobile,Chrome,85,0.683,215
2026-04-03,Puebla,Social,/contacto,/nosotros,Mobile,Chrome,46,0.544,135
2026-04-03,Tamaulipas,Organic,/nosotros,/home,Desktop,Chrome,23,0.505,135
2026-04-03,Nuevo León,Social,/servicios,/contacto,Mobile,Chrome,106,0.725,146
2026-04-03,Puebla,CPC,/servicios,/exit,Mobile,Chrome,63,0.588,129
2026-04-03,Ciudad de México,CPC,/blog,/nosotros,Desktop,Chrome,278,0.546,242
2026-04-03,Ciudad de México,Email,/nosotros,/home,Mobile,Edge,344,0.573,122
2026-04-03,San Luis Potosí,Organic,/home,/exit,Mobile,Chrome,13,0.539,120
2026-04-03,Ciudad de México,Social,/contacto,/exit,Desktop,Chrome,378,0.493,143
2026-04-04,Veracruz,CPC,/servicios,/home,Desktop,Chrome,16,0.579,192
2026-04-04,Coahuila,CPC,/home,/nosotros,Mobile,Opera,15,0.716,126
2026-04-04,Ciudad de México,CPC,/blog,/exit,Mobile,Chrome,259,0.665,192
2026-04-04,Aguascalientes,Organic,/nosotros,/contacto,Desktop,Chrome,9,0.414,182
2026-04-04,Tamaulipas,Organic,/contacto,/exit,Mobile,Safari,10,0.456,141
2026-04-04,Nuevo León,CPC,/contacto,/exit,Mobile,Chrome,63,0.548,114
2026-04-04,Ciudad de México,CPC,/nosotros,/exit,Desktop,Chrome,213,0.54,152
2026-04-04,Puebla,Organic,/contacto,/blog,Desktop,Chrome,54,0.322,195
2026-04-04,Ciudad de México,Organic,/home,/exit,Mobile,Chrome,275,0.599,168
2026-04-04,Ciudad de México,CPC,/home,/exit,Desktop,Chrome,192,0.514,148
2026-04-04,Estado de México,Organic,/servicios,/exit,Tablet,Chrome,77,0.526,181
2026-04-04,Nuevo León,CPC,/nosotros,/home,Mobile,Chrome,60,0.713,126
2026-04-04,Ciudad de México,Organic,/servicios,/home,Desktop,Chrome,252,0.438,181
2026-04-04,Chihuahua,Organic,/contacto,/exit,Desktop,Chrome,13,0.392,166
2026-04-04,Ciudad de México,Social,/home,/servicios,Mobile,Chrome,209,0.671,128
2026-04-04,Puebla,Social,/blog,/exit,Mobile,Safari,40,0.714,190
2026-04-05,Ciudad de México,Organic,/blog,/exit,Mobile,Chrome,260,0.608,213
2026-04-05,Jalisco,CPC,/nosotros,/home,Mobile,Chrome,69,0.643,91
2026-04-05,Ciudad de México,Organic,/contacto,/exit,Desktop,Edge,283,0.285,156
2026-04-05,Ciudad de México,CPC,/contacto,/nosotros,Mobile,Chrome,256,0.53,118
2026-04-05,Jalisco,Organic,/nosotros,/blog,Mobile,Chrome,122,0.591,142
2026-04-05,Ciudad de México,Organic,/home,/exit,Desktop,Edge,225,0.487,177
2026-04-05,Querétaro,CPC,/blog,/exit,Mobile,Chrome,61,0.782,166
2026-04-05,Ciudad de México,Social,/blog,/contacto,Desktop,Safari,222,0.645,244
2026-04-05,Ciudad de México,Direct,/blog,/contacto,Desktop,Chrome,191,0.457,248
2026-04-05,Estado de México,CPC,/servicios,/exit,Desktop,Chrome,62,0.463,200
2026-04-05,Ciudad de México,Organic,/contacto,/exit,Desktop,Edge,215,0.306,177
2026-04-05,Jalisco,Social,/servicios,/exit,Mobile,Firefox,80,0.689,174
2026-04-05,Ciudad de México,Social,/nosotros,/exit,Desktop,Safari,254,0.526,145
2026-04-05,Nuevo León,CPC,/nosotros,/home,Desktop,Edge,93,0.501,127
2026-04-05,Querétaro,Organic,/blog,/exit,Mobile,Firefox,40,0.718,177
2026-04-05,Coahuila,CPC,/nosotros,/exit,Mobile,Safari,8,0.657,142
2026-04-05,Jalisco,Organic,/home,/contacto,Mobile,Firefox,100,0.655,149
2026-04-05,Jalisco,CPC,/contacto,/exit,Mobile,Chrome,73,0.669,132
2026-04-05,Querétaro,Organic,/nosotros,/exit,Desktop,Chrome,41,0.475,158
2026-04-05,Jalisco,CPC,/contacto,/blog,Mobile,Firefox,119,0.539,119
2026-04-05,Tabasco,Direct,/blog,/exit,Mobile,Chrome,10,0.653,225
2026-04-06,Ciudad de México,CPC,/home,/exit,Desktop,Safari,385,0.516,132
2026-04-06,Quintana Roo,Organic,/servicios,/exit,Mobile,Chrome,40,0.55,186
2026-04-06,Estado de México,Social,/nosotros,/servicios,Mobile,Chrome,88,0.714,103
2026-04-06,Nuevo León,Organic,/nosotros,/exit,Mobile,Edge,106,0.589,121
2026-04-06,Ciudad de México,Social,/nosotros,/exit,Mobile,Safari,398,0.722,125
2026-04-06,Ciudad de México,Organic,/blog,/exit,Mobile,Safari,401,0.688,213
2026-04-06,Ciudad de México,Direct,/servicios,/exit,Desktop,Edge,366,0.366,205
2026-04-06,Nuevo León,Organic,/nosotros,/home,Tablet,Chrome,104,0.516,185
2026-04-06,Puebla,Social,/servicios,/exit,Tablet,Chrome,68,0.502,145
2026-04-06,Ciudad de México,Social,/servicios,/exit,Mobile,Chrome,256,0.547,129
2026-04-06,Jalisco,CPC,/nosotros,/home,Mobile,Chrome,115,0.693,120
2026-04-06,Morelos,Social,/contacto,/servicios,Mobile,Safari,8,0.597,124
2026-04-06,Chihuahua,Organic,/servicios,/contacto,Desktop,Chrome,25,0.424,195
2026-04-06,Ciudad de México,Social,/servicios,/blog,Mobile,Chrome,262,0.598,138
2026-04-06,Nuevo León,Social,/contacto,/servicios,Mobile,Chrome,132,0.587,139
2026-04-06,Ciudad de México,Email,/home,/contacto,Desktop,Chrome,415,0.466,136
2026-04-06,Ciudad de México,Organic,/blog,/nosotros,Desktop,Chrome,355,0.455,242
2026-04-06,Ciudad de México,Social,/contacto,/exit,Desktop,Safari,281,0.509,133
2026-04-06,Baja California,CPC,/blog,/exit,Desktop,Chrome,31,0.578,191
2026-04-07,Baja California,Organic,/servicios,/exit,Mobile,Safari,41,0.501,158
2026-04-07,Nuevo León,Direct,/home,/exit,Tablet,Chrome,128,0.427,198
2026-04-07,Ciudad de México,CPC,/contacto,/blog,Desktop,Chrome,387,0.474,112
2026-04-07,Hidalgo,Social,/home,/exit,Desktop,Chrome,13,0.579,148
2026-04-07,Yucatán,Direct,/servicios,/exit,Mobile,Chrome,43,0.462,135
2026-04-07,Ciudad de México,CPC,/servicios,/nosotros,Mobile,Chrome,377,0.672,136
2026-04-07,Yucatán,Organic,/nosotros,/contacto,Mobile,Chrome,46,0.583,161
2026-04-07,Jalisco,Organic,/contacto,/exit,Desktop,Chrome,106,0.377,169
2026-04-07,Ciudad de México,Direct,/blog,/nosotros,Desktop,Safari,238,0.442,266
2026-04-07,Puebla,CPC,/home,/nosotros,Desktop,Safari,70,0.622,150
2026-04-07,Coahuila,CPC,/nosotros,/blog,Desktop,Safari,23,0.567,184
2026-04-07,Nuevo León,Social,/home,/blog,Mobile,Chrome,130,0.769,132
2026-04-07,Guanajuato,Organic,/home,/contacto,Desktop,Chrome,40,0.355,207
2026-04-07,Querétaro,Organic,/servicios,/exit,Mobile,Chrome,80,0.608,196
2026-04-07,Nuevo León,Social,/contacto,/exit,Desktop,Chrome,156,0.516,126
2026-04-07,Ciudad de México,Organic,/blog,/exit,Mobile,Chrome,303,0.64,223
2026-04-08,Jalisco,Organic,/home,/exit,Desktop,Firefox,147,0.321,148
2026-04-08,Guanajuato,Organic,/servicios,/blog,Desktop,Chrome,45,0.483,193
2026-04-08,Quintana Roo,Direct,/servicios,/home,Tablet,Chrome,43,0.312,209
2026-04-08,Jalisco,Direct,/contacto,/home,Mobile,Safari,156,0.42,158
2026-04-08,Puebla,Organic,/contacto,/exit,Desktop,Safari,52,0.397,162
2026-04-08,Querétaro,Social,/home,/nosotros,Mobile,Safari,67,0.709,90
2026-04-08,Baja California,Social,/nosotros,/contacto,Desktop,Chrome,25,0.555,156
2026-04-08,Tamaulipas,CPC,/home,/nosotros,Mobile,Chrome,32,0.662,81
2026-04-08,Sonora,Organic,/servicios,/exit,Mobile,Safari,17,0.612,141
2026-04-08,Quintana Roo,Organic,/servicios,/exit,Mobile,Chrome,41,0.574,181
2026-04-08,Aguascalientes,Social,/contacto,/exit,Desktop,Chrome,11,0.48,124
2026-04-08,Nuevo León,Organic,/blog,/home,Mobile,Chrome,119,0.638,202
2026-04-08,Baja California,Direct,/blog,/contacto,Mobile,Safari,38,0.652,242
2026-04-08,Quintana Roo,Direct,/nosotros,/contacto,Tablet,Chrome,27,0.372,188
2026-04-08,Tamaulipas,Direct,/servicios,/home,Desktop,Safari,33,0.321,204
2026-04-08,Puebla,CPC,/blog,/servicios,Mobile,Chrome,51,0.663,194
2026-04-09,Jalisco,Organic,/nosotros,/home,Mobile,Safari,176,0.563,138
2026-04-09,Estado de México,Organic,/contacto,/blog,Mobile,Chrome,110,0.489,133
2026-04-09,Hidalgo,Organic,/contacto,/exit,Mobile,Chrome,14,0.548,145
2026-04-09,Jalisco,Social,/servicios,/exit,Mobile,Chrome,156,0.711,155
2026-04-09,Jalisco,Social,/nosotros,/exit,Desktop,Safari,167,0.515,103
2026-04-09,Ciudad de México,Organic,/blog,/exit,Desktop,Edge,343,0.507,236
2026-04-09,Querétaro,Organic,/blog,/servicios,Desktop,Chrome,86,0.583,216
2026-04-09,Chihuahua,CPC,/nosotros,/blog,Tablet,Chrome,28,0.585,117
2026-04-09,Ciudad de México,CPC,/blog,/home,Desktop,Chrome,301,0.576,233
2026-04-09,Nuevo León,Social,/blog,/exit,Mobile,Chrome,111,0.833,192
2026-04-09,Jalisco,Social,/servicios,/exit,Desktop,Firefox,162,0.558,174
2026-04-09,Yucatán,CPC,/contacto,/servicios,Mobile,Chrome,47,0.521,137
2026-04-09,Estado de México,CPC,/servicios,/exit,Mobile,Chrome,75,0.601,143
2026-04-09,Estado de México,Organic,/contacto,/blog,Mobile,Chrome,137,0.508,149
2026-04-09,Ciudad de México,Organic,/blog,/exit,Desktop,Opera,382,0.418,225
2026-04-09,Coahuila,Social,/blog,/contacto,Desktop,Chrome,17,0.64,197
2026-04-09,Nuevo León,CPC,/contacto,/home,Desktop,Chrome,144,0.368,211
2026-04-10,Nuevo León,CPC,/servicios,/exit,Mobile,Chrome,133,0.591,148
2026-04-10,Ciudad de México,Social,/servicios,/nosotros,Desktop,Chrome,414,0.57,154
2026-04-10,Jalisco,Organic,/contacto,/exit,Tablet,Chrome,173,0.451,213
2026-04-10,Ciudad de México,CPC,/servicios,/contacto,Desktop,Chrome,350,0.467,149
2026-04-10,Querétaro,Direct,/home,/servicios,Desktop,Safari,91,0.28,160
2026-04-10,Nuevo León,Social,/blog,/exit,Mobile,Chrome,104,0.796,154
2026-04-10,Jalisco,Organic,/nosotros,/contacto,Mobile,Chrome,128,0.54,166
2026-04-10,Guanajuato,Direct,/blog,/contacto,Tablet,Chrome,35,0.431,253
2026-04-10,Ciudad de México,Organic,/contacto,/nosotros,Mobile,Chrome,427,0.545,101
2026-04-10,Guanajuato,Organic,/nosotros,/contacto,Mobile,Opera,38,0.612,150
2026-04-10,Nuevo León,Organic,/blog,/contacto,Desktop,Chrome,150,0.519,237
2026-04-10,Ciudad de México,Organic,/nosotros,/blog,Mobile,Chrome,319,0.592,161
2026-04-10,Ciudad de México,CPC,/contacto,/exit,Desktop,Chrome,256,0.37,165
2026-04-10,Jalisco,Direct,/contacto,/blog,Desktop,Chrome,100,0.289,197
2026-04-10,Nuevo León,CPC,/blog,/exit,Desktop,Chrome,108,0.682,208
2026-04-10,Jalisco,Organic,/contacto,/blog,Desktop,Chrome,172,0.348,178
2026-04-10,Nuevo León,Organic,/home,/contacto,Desktop,Edge,102,0.418,147
2026-04-10,Ciudad de México,CPC,/servicios,/exit,Desktop,Edge,281,0.53,191
2026-04-10,Nuevo León,CPC,/contacto,/exit,Mobile,Chrome,142,0.563,94
2026-04-10,Estado de México,Email,/servicios,/contacto,Mobile,Chrome,114,0.518,168
2026-04-10,Guanajuato,Social,/servicios,/exit,Desktop,Chrome,41,0.561,221
2026-04-11,Yucatán,Social,/nosotros,/blog,Desktop,Chrome,39,0.525,168
2026-04-11,Estado de México,Direct,/servicios,/nosotros,Mobile,Chrome,58,0.439,199
2026-04-11,Ciudad de México,CPC,/contacto,/exit,Mobile,Chrome,169,0.584,142
2026-04-11,Estado de México,Social,/nosotros,/home,Mobile,Chrome,77,0.815,104
2026-04-11,Ciudad de México,Social,/servicios,/exit,Desktop,Chrome,190,0.474,142
2026-04-11,Ciudad de México,CPC,/home,/exit,Mobile,Safari,173,0.662,113
2026-04-11,Baja California,Social,/blog,/exit,Mobile,Safari,13,0.811,173
2026-04-11,Nuevo León,Social,/servicios,/exit,Mobile,Edge,75,0.696,128
2026-04-11,Guanajuato,Social,/blog,/exit,Desktop,Chrome,31,0.674,242
2026-04-11,Chihuahua,Social,/home,/blog,Mobile,Chrome,13,0.685,114
2026-04-11,Jalisco,CPC,/contacto,/exit,Mobile,Chrome,67,0.574,109
2026-04-11,Ciudad de México,Organic,/blog,/exit,Mobile,Chrome,236,0.636,214
2026-04-11,San Luis Potosí,CPC,/blog,/contacto,Mobile,Opera,11,0.744,148
2026-04-11,Baja California,Social,/home,/contacto,Desktop,Chrome,24,0.597,156
2026-04-11,Ciudad de México,CPC,/servicios,/blog,Mobile,Chrome,267,0.675,151
2026-04-11,Estado de México,Organic,/nosotros,/servicios,Mobile,Safari,62,0.5,130
2026-04-11,Jalisco,Organic,/servicios,/exit,Mobile,Chrome,69,0.551,147
2026-04-11,Ciudad de México,Direct,/blog,/nosotros,Tablet,Chrome,255,0.396,277
2026-04-12,Sonora,Direct,/contacto,/servicios,Mobile,Safari,15,0.427,175
2026-04-12,Estado de México,Social,/home,/exit,Mobile,Chrome,72,0.637,123
2026-04-12,Ciudad de México,CPC,/home,/home,Mobile,Chrome,235,0.651,122
2026-04-12,Estado de México,CPC,/servicios,/exit,Desktop,Edge,65,0.429,166
2026-04-12,Yucatán,Organic,/contacto,/blog,Tablet,Chrome,34,0.418,207
2026-04-12,Morelos,CPC,/contacto,/exit,Mobile,Chrome,7,0.543,101
2026-04-12,Nuevo León,Email,/contacto,/blog,Tablet,Safari,72,0.4,156
2026-04-12,Estado de México,Organic,/servicios,/exit,Mobile,Edge,91,0.526,178
2026-04-12,Estado de México,CPC,/home,/exit,Mobile,Chrome,81,0.558,107
2026-04-12,Ciudad de México,CPC,/home,/blog,Desktop,Chrome,256,0.517,157
2026-04-12,Chihuahua,Organic,/servicios,/exit,Desktop,Chrome,15,0.496,184
2026-04-12,Puebla,CPC,/blog,/nosotros,Mobile,Chrome,40,0.723,196
2026-04-12,Sonora,CPC,/blog,/exit,Desktop,Safari,16,0.696,220
2026-04-12,Guanajuato,Organic,/nosotros,/blog,Desktop,Chrome,24,0.361,193
2026-04-12,Nuevo León,Social,/nosotros,/exit,Desktop,Chrome,87,0.461,152
2026-04-12,Jalisco,Organic,/contacto,/exit,Mobile,Chrome,123,0.595,147
2026-04-12,Tamaulipas,Social,/servicios,/home,Desktop,Chrome,11,0.492,172
2026-04-12,Querétaro,Social,/nosotros,/home,Desktop,Chrome,49,0.601,147
2026-04-12,Ciudad de México,Email,/nosotros,/exit,Mobile,Safari,269,0.623,104
2026-04-13,Ciudad de México,CPC,/nosotros,/home,Desktop,Chrome,431,0.37,123
2026-04-13,Ciudad de México,Social,/home,/servicios,Desktop,Safari,315,0.47,149
2026-04-13,Puebla,Organic,/blog,/contacto,Desktop,Chrome,69,0.609,210
2026-04-13,Ciudad de México,Direct,/blog,/home,Desktop,Chrome,250,0.472,236
2026-04-13,Ciudad de México,Direct,/contacto,/servicios,Mobile,Firefox,402,0.438,148
2026-04-13,Estado de México,CPC,/contacto,/blog,Desktop,Safari,122,0.459,118
2026-04-13,Ciudad de México,Social,/servicios,/exit,Mobile,Chrome,305,0.724,140
2026-04-13,Querétaro,Social,/contacto,/exit,Mobile,Chrome,71,0.67,128
2026-04-13,Quintana Roo,Social,/servicios,/exit,Mobile,Chrome,29,0.78,166
2026-04-13,Nuevo León,Social,/nosotros,/contacto,Mobile,Chrome,125,0.697,120
2026-04-13,Estado de México,CPC,/home,/blog,Desktop,Edge,97,0.5,122
2026-04-13,Tabasco,Organic,/servicios,/servicios,Mobile,Safari,13,0.588,177
2026-04-13,Ciudad de México,Organic,/servicios,/exit,Desktop,Chrome,334,0.404,201
2026-04-13,Ciudad de México,CPC,/blog,/nosotros,Desktop,Chrome,320,0.579,233
2026-04-13,Puebla,CPC,/blog,/nosotros,Mobile,Chrome,70,0.825,174
2026-04-13,Jalisco,Organic,/contacto,/servicios,Desktop,Chrome,184,0.334,149
2026-04-13,San Luis Potosí,CPC,/blog,/exit,Desktop,Chrome,10,0.587,201
2026-04-14,Ciudad de México,Social,/home,/nosotros,Desktop,Safari,357,0.429,136
2026-04-14,Sonora,CPC,/contacto,/exit,Mobile,Firefox,26,0.589,89
2026-04-14,Jalisco,Social,/nosotros,/exit,Mobile,Opera,131,0.698,120
2026-04-14,Ciudad de México,Social,/servicios,/nosotros,Desktop,Safari,318,0.642,224
2026-04-14,Nuevo León,Organic,/servicios,/nosotros,Desktop,Chrome,107,0.384,196
2026-04-14,Ciudad de México,Social,/home,/exit,Mobile,Chrome,259,0.635,93
2026-04-14,Ciudad de México,Email,/servicios,/nosotros,Mobile,Chrome,324,0.576,161
2026-04-14,Ciudad de México,Social,/contacto,/exit,Mobile,Chrome,327,0.55,133
2026-04-14,Ciudad de México,Social,/home,/exit,Desktop,Chrome,344,0.515,163
2026-04-14,Ciudad de México,Direct,/contacto,/nosotros,Mobile,Chrome,311,0.344,183
2026-04-14,Querétaro,Social,/contacto,/contacto,Desktop,Chrome,80,0.502,155
2026-04-14,Ciudad de México,Social,/servicios,/exit,Mobile,Chrome,323,0.629,122
2026-04-14,Querétaro,Email,/servicios,/blog,Desktop,Chrome,82,0.512,140
2026-04-14,Nuevo León,Organic,/nosotros,/nosotros,Mobile,Chrome,122,0.549,141
2026-04-14,Ciudad de México,Social,/contacto,/blog,Mobile,Chrome,395,0.587,112
2026-04-14,Ciudad de México,Social,/home,/exit,Desktop,Chrome,323,0.563,144
2026-04-14,Baja California,Social,/nosotros,/blog,Mobile,Opera,40,0.532,136
2026-04-14,Yucatán,Organic,/blog,/exit,Desktop,Chrome,53,0.534,244
2026-04-15,Quintana Roo,Social,/contacto,/nosotros,Desktop,Chrome,32,0.46,159
2026-04-15,Coahuila,Email,/nosotros,/exit,Desktop,Chrome,29,0.422,136
2026-04-15,Ciudad de México,Organic,/nosotros,/contacto,Mobile,Edge,351,0.536,127
2026-04-15,Ciudad de México,Social,/blog,/exit,Desktop,Chrome,415,0.672,205
2026-04-15,Ciudad de México,Social,/nosotros,/exit,Desktop,Safari,372,0.554,128
2026-04-15,Aguascalientes,Social,/blog,/nosotros,Mobile,Chrome,15,0.795,143
2026-04-15,Yucatán,Organic,/home,/servicios,Desktop,Edge,61,0.281,185
2026-04-15,Nuevo León,Email,/blog,/servicios,Desktop,Edge,151,0.559,219
2026-04-15,Ciudad de México,Social,/blog,/exit,Desktop,Chrome,389,0.586,187
2026-04-15,Ciudad de México,CPC,/nosotros,/home,Mobile,Chrome,372,0.702,114
2026-04-15,Ciudad de México,Organic,/home,/servicios,Mobile,Safari,309,0.626,164
2026-04-15,Yucatán,Organic,/contacto,/contacto,Tablet,Chrome,49,0.336,181
2026-04-15,Querétaro,Organic,/servicios,/home,Mobile,Safari,51,0.528,159
2026-04-15,Aguascalientes,Organic,/home,/blog,Mobile,Chrome,12,0.584,113
2026-04-15,Baja California,Social,/contacto,/servicios,Mobile,Chrome,29,0.629,84
2026-04-15,Ciudad de México,CPC,/home,/contacto,Mobile,Chrome,433,0.674,111
2026-04-15,Coahuila,CPC,/nosotros,/exit,Mobile,Safari,23,0.643,113
2026-04-16,Ciudad de México,Organic,/contacto,/exit,Desktop,Chrome,322,0.414,181
2026-04-16,Querétaro,Organic,/servicios,/exit,Mobile,Chrome,58,0.515,184
2026-04-16,Baja California,Social,/servicios,/home,Mobile,Safari,29,0.731,160
2026-04-16,Ciudad de México,Social,/home,/exit,Desktop,Chrome,374,0.494,145
2026-04-16,Estado de México,Social,/blog,/exit,Mobile,Chrome,79,0.743,196
2026-04-16,Estado de México,Organic,/nosotros,/nosotros,Tablet,Chrome,101,0.499,162
2026-04-16,Ciudad de México,Social,/home,/blog,Desktop,Safari,333,0.545,143
2026-04-16,Ciudad de México,CPC,/home,/contacto,Desktop,Chrome,421,0.516,158
2026-04-16,Veracruz,Organic,/home,/contacto,Desktop,Chrome,27,0.44,191
2026-04-16,Ciudad de México,CPC,/blog,/nosotros,Desktop,Edge,342,0.572,221
2026-04-16,Yucatán,Social,/nosotros,/exit,Mobile,Chrome,59,0.682,102
2026-04-16,Ciudad de México,CPC,/home,/exit,Mobile,Chrome,237,0.697,91
2026-04-16,Ciudad de México,CPC,/home,/exit,Mobile,Chrome,263,0.744,137
2026-04-16,Chihuahua,CPC,/home,/contacto,Desktop,Chrome,26,0.568,156
2026-04-16,Nuevo León,Email,/blog,/exit,Mobile,Chrome,113,0.643,193
2026-04-16,Ciudad de México,Organic,/servicios,/home,Desktop,Chrome,326,0.378,210
2026-04-16,Aguascalientes,Organic,/home,/servicios,Mobile,Chrome,14,0.606,115
2026-04-17,Ciudad de México,Direct,/blog,/nosotros,Mobile,Safari,245,0.55,275
2026-04-17,Ciudad de México,CPC,/servicios,/home,Mobile,Safari,253,0.663,147
2026-04-17,Yucatán,Organic,/home,/exit,Mobile,Chrome,38,0.588,141
2026-04-17,Chihuahua,CPC,/blog,/home,Mobile,Edge,26,0.772,200
2026-04-17,Baja California,CPC,/servicios,/nosotros,Mobile,Safari,44,0.631,180
2026-04-17,Ciudad de México,CPC,/nosotros,/exit,Mobile,Chrome,328,0.645,125
2026-04-17,Ciudad de México,Direct,/contacto,/exit,Mobile,Chrome,435,0.314,159
2026-04-17,Jalisco,CPC,/home,/nosotros,Mobile,Chrome,119,0.794,135
2026-04-17,Estado de México,Social,/home,/blog,Tablet,Firefox,95,0.635,108
2026-04-17,Ciudad de México,Email,/nosotros,/blog,Mobile,Edge,402,0.6,137
2026-04-17,Quintana Roo,Social,/blog,/exit,Desktop,Chrome,36,0.677,182
2026-04-17,Hidalgo,CPC,/home,/blog,Mobile,Chrome,13,0.606,117
2026-04-17,Querétaro,Social,/blog,/home,Mobile,Chrome,54,0.785,146
2026-04-17,Coahuila,Email,/nosotros,/exit,Mobile,Firefox,22,0.589,123
2026-04-17,Tamaulipas,Social,/servicios,/exit,Tablet,Chrome,25,0.601,197
2026-04-17,Ciudad de México,Organic,/home,/exit,Desktop,Chrome,428,0.481,145
2026-04-18,Ciudad de México,CPC,/servicios,/exit,Desktop,Firefox,169,0.562,196
2026-04-18,Ciudad de México,Email,/home,/exit,Mobile,Edge,241,0.533,120
2026-04-18,Ciudad de México,Organic,/home,/servicios,Mobile,Chrome,212,0.672,133
2026-04-18,Nuevo León,CPC,/nosotros,/exit,Mobile,Chrome,80,0.66,121
2026-04-18,Baja California,Organic,/home,/nosotros,Mobile,Firefox,26,0.563,117
2026-04-18,Chihuahua,Organic,/nosotros,/exit,Desktop,Chrome,12,0.388,158
2026-04-18,Ciudad de México,Organic,/contacto,/exit,Tablet,Chrome,248,0.388,157
2026-04-18,Ciudad de México,CPC,/home,/nosotros,Mobile,Chrome,208,0.681,92
2026-04-18,Nuevo León,Organic,/home,/contacto,Mobile,Chrome,62,0.466,147
2026-04-18,Ciudad de México,Social,/nosotros,/nosotros,Mobile,Chrome,211,0.644,120
2026-04-18,Baja California,CPC,/home,/servicios,Mobile,Safari,25,0.578,131
2026-04-18,Ciudad de México,Organic,/contacto,/exit,Mobile,Chrome,274,0.48,141
2026-04-18,Chihuahua,Social,/contacto,/exit,Mobile,Edge,13,0.662,109
2026-04-18,Tamaulipas,Organic,/home,/contacto,Mobile,Chrome,22,0.598,172
2026-04-18,Ciudad de México,CPC,/home,/servicios,Mobile,Safari,229,0.631,128
2026-04-18,Nuevo León,Direct,/contacto,/exit,Desktop,Chrome,57,0.3,204
2026-04-18,Yucatán,Direct,/home,/exit,Desktop,Chrome,39,0.358,175
2026-04-18,Querétaro,CPC,/nosotros,/servicios,Mobile,Chrome,51,0.752,124
2026-04-18,Jalisco,Organic,/blog,/home,Desktop,Edge,111,0.484,267
2026-04-18,Coahuila,Social,/blog,/exit,Tablet,Chrome,16,0.674,229
2026-04-19,Ciudad de México,CPC,/nosotros,/exit,Desktop,Chrome,262,0.481,144
2026-04-19,Jalisco,CPC,/contacto,/home,Mobile,Edge,75,0.6,103
2026-04-19,Nuevo León,Direct,/nosotros,/contacto,Desktop,Chrome,81,0.314,173
2026-04-19,Nuevo León,CPC,/contacto,/blog,Tablet,Chrome,62,0.49,117
2026-04-19,Jalisco,CPC,/servicios,/exit,Mobile,Chrome,100,0.644,161
2026-04-19,Ciudad de México,Social,/servicios,/exit,Desktop,Chrome,227,0.551,197
2026-04-19,Tamaulipas,Social,/nosotros,/exit,Desktop,Chrome,14,0.466,151
2026-04-19,Baja California,CPC,/blog,/exit,Mobile,Chrome,24,0.733,188
2026-04-19,Ciudad de México,Email,/blog,/exit,Desktop,Edge,277,0.543,230
2026-04-19,Ciudad de México,Organic,/nosotros,/exit,Desktop,Safari,238,0.333,118
2026-04-19,Ciudad de México,CPC,/contacto,/exit,Mobile,Chrome,196,0.552,91
2026-04-19,Nuevo León,Direct,/servicios,/exit,Mobile,Chrome,93,0.455,203
2026-04-19,Guanajuato,Social,/blog,/exit,Desktop,Edge,25,0.628,195
2026-04-19,Quintana Roo,Organic,/home,/contacto,Mobile,Chrome,25,0.538,142
2026-04-19,Ciudad de México,Social,/servicios,/servicios,Mobile,Chrome,181,0.785,140
2026-04-19,Morelos,Organic,/home,/contacto,Desktop,Chrome,6,0.423,176
2026-04-19,Nuevo León,Organic,/servicios,/contacto,Desktop,Chrome,87,0.467,212
2026-04-19,Nuevo León,CPC,/contacto,/servicios,Mobile,Chrome,68,0.645,96
2026-04-19,Estado de México,Organic,/servicios,/exit,Mobile,Safari,61,0.617,181
2026-04-19,Jalisco,Organic,/nosotros,/exit,Mobile,Firefox,100,0.5,151
2026-04-19,Ciudad de México,Email,/servicios,/exit,Mobile,Safari,275,0.605,145
2026-04-20,Ciudad de México,Organic,/home,/nosotros,Mobile,Chrome,368,0.522,123
2026-04-20,Ciudad de México,Organic,/home,/nosotros,Desktop,Chrome,315,0.429,198
2026-04-20,Ciudad de México,Social,/home,/exit,Mobile,Chrome,287,0.587,134
2026-04-20,Estado de México,CPC,/nosotros,/servicios,Mobile,Safari,88,0.716,73
2026-04-20,Jalisco,CPC,/servicios,/exit,Mobile,Chrome,141,0.725,143
2026-04-20,Chihuahua,Direct,/home,/exit,Desktop,Chrome,14,0.389,170
2026-04-20,Nuevo León,Email,/servicios,/exit,Mobile,Chrome,146,0.584,128
2026-04-20,Guanajuato,Organic,/servicios,/exit,Desktop,Chrome,39,0.528,170
2026-04-20,Ciudad de México,Social,/home,/nosotros,Mobile,Chrome,429,0.719,91
2026-04-20,Nuevo León,CPC,/servicios,/exit,Desktop,Chrome,86,0.597,197
2026-04-20,Nuevo León,CPC,/blog,/exit,Mobile,Chrome,144,0.682,182
2026-04-20,Sonora,CPC,/home,/exit,Mobile,Safari,25,0.724,111
2026-04-20,Jalisco,CPC,/servicios,/contacto,Desktop,Chrome,160,0.566,200
2026-04-20,Chihuahua,CPC,/contacto,/exit,Mobile,Firefox,27,0.632,124
2026-04-20,Ciudad de México,Email,/nosotros,/nosotros,Mobile,Chrome,285,0.509,123
2026-04-20,Ciudad de México,CPC,/home,/servicios,Mobile,Opera,322,0.561,105
2026-04-20,Quintana Roo,Email,/contacto,/servicios,Desktop,Edge,40,0.349,150
2026-04-21,Baja California,Organic,/blog,/exit,Desktop,Chrome,26,0.567,235
2026-04-21,Querétaro,Social,/home,/servicios,Mobile,Chrome,55,0.716,88
2026-04-21,Nuevo León,Organic,/nosotros,/servicios,Mobile,Chrome,142,0.565,132
2026-04-21,Nuevo León,Direct,/nosotros,/nosotros,Desktop,Chrome,130,0.369,201
2026-04-21,Estado de México,Organic,/nosotros,/exit,Tablet,Edge,124,0.469,160
2026-04-21,Quintana Roo,Organic,/blog,/contacto,Desktop,Chrome,32,0.501,281
2026-04-21,Hidalgo,CPC,/contacto,/blog,Mobile,Chrome,14,0.552,74
2026-04-21,Querétaro,Organic,/blog,/exit,Desktop,Chrome,54,0.443,234
2026-04-21,Jalisco,Organic,/contacto,/exit,Mobile,Chrome,166,0.478,174
2026-04-21,Quintana Roo,CPC,/home,/blog,Mobile,Chrome,39,0.725,112
2026-04-21,Ciudad de México,Organic,/contacto,/home,Desktop,Chrome,396,0.304,152
2026-04-21,Estado de México,Organic,/contacto,/exit,Desktop,Chrome,127,0.355,165
2026-04-21,Jalisco,CPC,/contacto,/home,Desktop,Safari,164,0.377,123
2026-04-21,Sonora,Social,/blog,/exit,Desktop,Safari,23,0.651,164
2026-04-21,Jalisco,Organic,/servicios,/exit,Desktop,Chrome,107,0.373,208
2026-04-21,Ciudad de México,CPC,/servicios,/home,Mobile,Chrome,418,0.66,118
2026-04-21,Baja California,Organic,/home,/exit,Desktop,Chrome,31,0.488,164
2026-04-22,Estado de México,CPC,/servicios,/exit,Mobile,Chrome,119,0.627,153
2026-04-22,Yucatán,CPC,/home,/servicios,Tablet,Safari,42,0.617,131
2026-04-22,Querétaro,Email,/home,/nosotros,Desktop,Chrome,73,0.49,148
2026-04-22,Yucatán,CPC,/blog,/exit,Mobile,Chrome,43,0.76,184
2026-04-22,Hidalgo,Social,/servicios,/exit,Mobile,Chrome,15,0.697,133
2026-04-22,Baja California,Direct,/home,/exit,Desktop,Chrome,31,0.327,180
2026-04-22,Ciudad de México,Organic,/servicios,/exit,Mobile,Chrome,320,0.534,154
2026-04-22,Ciudad de México,Social,/contacto,/home,Mobile,Chrome,381,0.604,108
2026-04-22,Veracruz,Organic,/home,/blog,Desktop,Chrome,32,0.372,186
2026-04-22,Nuevo León,CPC,/contacto,/blog,Mobile,Chrome,129,0.531,79
2026-04-22,Quintana Roo,Social,/contacto,/exit,Mobile,Firefox,24,0.677,116
2026-04-22,Estado de México,Direct,/blog,/servicios,Mobile,Safari,138,0.58,229
2026-04-22,Querétaro,Organic,/contacto,/exit,Mobile,Safari,91,0.439,145
2026-04-22,Jalisco,Organic,/nosotros,/exit,Mobile,Safari,130,0.626,155
2026-04-22,Chihuahua,Organic,/blog,/exit,Mobile,Chrome,19,0.705,163
2026-04-22,Ciudad de México,Organic,/nosotros,/blog,Desktop,Safari,308,0.47,156
2026-04-22,Jalisco,Organic,/contacto,/home,Desktop,Chrome,123,0.386,162
2026-04-22,Guanajuato,CPC,/contacto,/exit,Desktop,Edge,59,0.444,133
2026-04-22,Ciudad de México,Organic,/servicios,/nosotros,Desktop,Chrome,280,0.469,214
2026-04-22,Ciudad de México,CPC,/contacto,/exit,Mobile,Chrome,385,0.55,119
2026-04-22,Tamaulipas,Social,/nosotros,/exit,Tablet,Safari,20,0.594,159
2026-04-22,Ciudad de México,Social,/nosotros,/contacto,Mobile,Safari,322,0.75,121
2026-04-23,Puebla,CPC,/blog,/contacto,Desktop,Edge,64,0.573,196
2026-04-23,Querétaro,Direct,/servicios,/contacto,Mobile,Chrome,66,0.413,185
2026-04-23,Querétaro,CPC,/home,/contacto,Mobile,Chrome,60,0.668,131
2026-04-23,Guanajuato,Organic,/home,/contacto,Mobile,Safari,46,0.509,126
2026-04-23,Nuevo León,Organic,/servicios,/exit,Mobile,Chrome,84,0.606,173
2026-04-23,Ciudad de México,Email,/home,/exit,Desktop,Chrome,381,0.463,141
2026-04-23,Querétaro,CPC,/nosotros,/exit,Mobile,Chrome,82,0.607,100
2026-04-23,Ciudad de México,Social,/home,/blog,Desktop,Chrome,309,0.6,147
2026-04-23,Veracruz,Social,/servicios,/contacto,Desktop,Chrome,21,0.584,158
2026-04-23,Yucatán,Organic,/contacto,/exit,Desktop,Edge,61,0.312,168
2026-04-23,Ciudad de México,CPC,/nosotros,/blog,Mobile,Safari,394,0.616,121
2026-04-23,Yucatán,Direct,/contacto,/nosotros,Mobile,Chrome,35,0.378,151
2026-04-23,Ciudad de México,Social,/blog,/home,Desktop,Chrome,321,0.626,232
2026-04-23,Estado de México,CPC,/servicios,/nosotros,Tablet,Chrome,129,0.588,194
2026-04-23,Nuevo León,Email,/nosotros,/exit,Desktop,Safari,142,0.429,125
2026-04-23,Puebla,Organic,/blog,/exit,Mobile,Chrome,60,0.729,244
2026-04-24,Quintana Roo,Social,/home,/servicios,Mobile,Chrome,26,0.618,97
2026-04-24,Tamaulipas,CPC,/contacto,/home,Desktop,Chrome,25,0.406,130
2026-04-24,Ciudad de México,Social,/home,/exit,Desktop,Chrome,337,0.484,127
2026-04-24,Jalisco,Social,/blog,/exit,Tablet,Chrome,133,0.652,217
2026-04-24,Ciudad de México,Social,/contacto,/exit,Desktop,Chrome,305,0.489,191
2026-04-24,Nuevo León,CPC,/contacto,/home,Mobile,Chrome,89,0.567,123
2026-04-24,Estado de México,Organic,/blog,/exit,Mobile,Safari,141,0.671,175
2026-04-24,Aguascalientes,CPC,/home,/contacto,Mobile,Chrome,12,0.543,72
2026-04-24,Puebla,Organic,/contacto,/exit,Mobile,Firefox,67,0.5,148
2026-04-24,Puebla,Social,/nosotros,/blog,Mobile,Firefox,49,0.714,142
2026-04-24,Tamaulipas,Organic,/servicios,/exit,Desktop,Chrome,18,0.478,169
2026-04-24,Jalisco,Social,/nosotros,/exit,Mobile,Chrome,170,0.774,106
2026-04-24,Jalisco,Organic,/contacto,/exit,Desktop,Edge,147,0.353,183
2026-04-24,Estado de México,Organic,/contacto,/home,Desktop,Chrome,96,0.336,172
2026-04-24,Estado de México,Organic,/nosotros,/exit,Mobile,Safari,96,0.585,153
2026-04-24,Ciudad de México,Email,/nosotros,/servicios,Mobile,Chrome,377,0.537,129
2026-04-25,Ciudad de México,Organic,/home,/exit,Desktop,Chrome,262,0.385,177
2026-04-25,Ciudad de México,Email,/servicios,/contacto,Mobile,Safari,174,0.527,140
2026-04-25,Nuevo León,Organic,/home,/exit,Desktop,Chrome,57,0.36,174
2026-04-25,Nuevo León,Organic,/blog,/nosotros,Mobile,Chrome,74,0.746,171
2026-04-25,Ciudad de México,CPC,/blog,/nosotros,Desktop,Chrome,244,0.608,191
2026-04-25,Ciudad de México,CPC,/servicios,/exit,Mobile,Firefox,276,0.606,126
2026-04-25,Coahuila,Organic,/blog,/exit,Mobile,Chrome,19,0.653,224
2026-04-25,Coahuila,CPC,/nosotros,/servicios,Desktop,Firefox,16,0.5,119
2026-04-25,Tamaulipas,Social,/home,/servicios,Mobile,Chrome,22,0.669,114
2026-04-25,Jalisco,Social,/servicios,/home,Mobile,Chrome,119,0.666,156
2026-04-25,Jalisco,CPC,/home,/home,Mobile,Edge,86,0.687,100
2026-04-25,Sonora,Direct,/contacto,/servicios,Mobile,Chrome,18,0.329,151
2026-04-25,Jalisco,Organic,/nosotros,/blog,Mobile,Safari,86,0.57,140
2026-04-25,Quintana Roo,Direct,/home,/exit,Mobile,Chrome,26,0.444,184
2026-04-25,Quintana Roo,CPC,/servicios,/nosotros,Desktop,Chrome,26,0.51,202
2026-04-25,Querétaro,Social,/servicios,/contacto,Mobile,Chrome,55,0.662,172
2026-04-25,Quintana Roo,CPC,/blog,/home,Desktop,Chrome,25,0.59,235
2026-04-25,Ciudad de México,Organic,/servicios,/exit,Mobile,Chrome,187,0.553,140
2026-04-25,Ciudad de México,Organic,/blog,/exit,Mobile,Chrome,219,0.574,212
2026-04-26,Ciudad de México,Social,/nosotros,/home,Mobile,Chrome,213,0.71,107
2026-04-26,Jalisco,Organic,/nosotros,/exit,Tablet,Safari,86,0.506,198
2026-04-26,Ciudad de México,Social,/blog,/exit,Mobile,Chrome,169,0.768,157
2026-04-26,Ciudad de México,CPC,/home,/exit,Mobile,Chrome,178,0.655,134
2026-04-26,Ciudad de México,Social,/servicios,/home,Desktop,Chrome,161,0.529,163
2026-04-26,Yucatán,Organic,/blog,/exit,Mobile,Safari,36,0.727,214
2026-04-26,Puebla,Social,/contacto,/exit,Mobile,Chrome,48,0.609,111
2026-04-26,Jalisco,Social,/nosotros,/exit,Mobile,Chrome,98,0.692,126
2026-04-26,Jalisco,Social,/contacto,/servicios,Mobile,Edge,98,0.599,128
2026-04-26,Jalisco,Organic,/servicios,/exit,Desktop,Chrome,101,0.436,185
2026-04-26,Guanajuato,Social,/contacto,/exit,Mobile,Chrome,34,0.577,105
2026-04-26,Querétaro,Organic,/servicios,/blog,Mobile,Chrome,30,0.547,169
2026-04-26,Estado de México,Direct,/contacto,/servicios,Desktop,Chrome,61,0.372,188
2026-04-26,Querétaro,Direct,/home,/nosotros,Desktop,Chrome,55,0.369,156
2026-04-26,Ciudad de México,CPC,/blog,/home,Mobile,Safari,185,0.806,197
2026-04-26,Estado de México,Organic,/servicios,/exit,Mobile,Chrome,69,0.577,145
2026-04-26,Puebla,Social,/servicios,/exit,Mobile,Chrome,37,0.614,138
2026-04-26,Tamaulipas,Direct,/blog,/nosotros,Desktop,Opera,17,0.37,235
2026-04-27,Jalisco,CPC,/nosotros,/nosotros,Desktop,Chrome,131,0.577,142
2026-04-27,Estado de México,Email,/servicios,/blog,Mobile,Chrome,96,0.622,133
2026-04-27,Estado de México,CPC,/servicios,/servicios,Mobile,Chrome,98,0.66,176
2026-04-27,Ciudad de México,CPC,/blog,/exit,Desktop,Safari,267,0.565,201
2026-04-27,Guanajuato,CPC,/blog,/nosotros,Mobile,Chrome,59,0.763,176
2026-04-27,Yucatán,Social,/nosotros,/home,Desktop,Edge,49,0.512,142
2026-04-27,Nuevo León,Organic,/nosotros,/exit,Mobile,Safari,142,0.615,150
2026-04-27,Yucatán,Organic,/home,/exit,Mobile,Chrome,43,0.484,140
2026-04-27,Ciudad de México,Organic,/contacto,/servicios,Desktop,Chrome,363,0.36,177
2026-04-27,Yucatán,Organic,/nosotros,/nosotros,Desktop,Chrome,44,0.389,192
2026-04-27,Yucatán,Organic,/nosotros,/exit,Mobile,Safari,45,0.585,157
2026-04-27,Yucatán,Direct,/contacto,/exit,Mobile,Chrome,58,0.477,157
2026-04-27,Ciudad de México,CPC,/contacto,/servicios,Mobile,Chrome,345,0.513,107
2026-04-27,Tabasco,Social,/contacto,/home,Desktop,Chrome,9,0.494,171
2026-04-27,Ciudad de México,CPC,/blog,/exit,Tablet,Chrome,420,0.656,207
2026-04-27,Coahuila,Social,/home,/exit,Mobile,Chrome,27,0.708,121
2026-04-27,Aguascalientes,CPC,/contacto,/blog,Desktop,Chrome,9,0.515,148
2026-04-28,Querétaro,Organic,/home,/exit,Tablet,Chrome,84,0.595,155
2026-04-28,Ciudad de México,Organic,/nosotros,/contacto,Mobile,Chrome,370,0.513,152
2026-04-28,Nuevo León,Organic,/servicios,/blog,Desktop,Chrome,97,0.416,187
2026-04-28,Ciudad de México,Social,/nosotros,/exit,Desktop,Edge,429,0.504,126
2026-04-28,Ciudad de México,Organic,/servicios,/nosotros,Mobile,Safari,408,0.58,131
2026-04-28,Nuevo León,CPC,/blog,/servicios,Mobile,Firefox,95,0.774,208
2026-04-28,Querétaro,Organic,/servicios,/blog,Desktop,Chrome,48,0.408,179
2026-04-28,Nuevo León,CPC,/nosotros,/contacto,Desktop,Chrome,92,0.518,163
2026-04-28,Aguascalientes,Direct,/servicios,/exit,Tablet,Chrome,11,0.419,198
2026-04-28,Jalisco,CPC,/home,/exit,Mobile,Chrome,173,0.557,141
2026-04-28,Estado de México,CPC,/home,/contacto,Desktop,Safari,100,0.537,136
2026-04-28,Estado de México,Email,/home,/blog,Mobile,Chrome,104,0.576,100
2026-04-28,Ciudad de México,Organic,/servicios,/contacto,Desktop,Safari,362,0.426,189
2026-04-28,Yucatán,Direct,/nosotros,/blog,Desktop,Chrome,37,0.263,170
2026-04-28,Ciudad de México,CPC,/servicios,/exit,Mobile,Safari,257,0.631,118
2026-04-28,Ciudad de México,Social,/contacto,/exit,Desktop,Firefox,313,0.499,148
2026-04-28,Jalisco,Direct,/servicios,/servicios,Desktop,Chrome,164,0.301,240
2026-04-28,Aguascalientes,Organic,/servicios,/home,Mobile,Edge,9,0.475,177
2026-04-29,Quintana Roo,CPC,/nosotros,/contacto,Mobile,Chrome,30,0.652,138
2026-04-29,Querétaro,CPC,/servicios,/home,Desktop,Chrome,63,0.555,152
2026-04-29,Baja California,Organic,/nosotros,/exit,Desktop,Chrome,28,0.371,152
2026-04-29,Estado de México,Social,/contacto,/blog,Mobile,Chrome,77,0.563,149
2026-04-29,Baja California,Social,/nosotros,/home,Desktop,Chrome,40,0.515,161
2026-04-29,Ciudad de México,Organic,/contacto,/exit,Mobile,Chrome,332,0.413,155
2026-04-29,Ciudad de México,CPC,/contacto,/contacto,Desktop,Edge,342,0.409,146
2026-04-29,Querétaro,Social,/home,/contacto,Tablet,Chrome,83,0.647,81
2026-04-29,Nuevo León,Organic,/home,/exit,Desktop,Chrome,133,0.441,155
2026-04-29,Estado de México,Organic,/blog,/nosotros,Mobile,Safari,108,0.676,195
2026-04-29,Baja California,Direct,/home,/exit,Mobile,Chrome,38,0.518,141
2026-04-29,Jalisco,Social,/contacto,/blog,Mobile,Safari,164,0.601,114
2026-04-29,Estado de México,Organic,/home,/exit,Desktop,Safari,89,0.404,185
2026-04-29,Estado de México,Organic,/home,/exit,Desktop,Chrome,125,0.42,156
2026-04-29,Ciudad de México,Direct,/blog,/servicios,Mobile,Safari,293,0.55,224
2026-04-29,Ciudad de México,Organic,/contacto,/servicios,Mobile,Safari,306,0.493,118
2026-04-29,Yucatán,Organic,/contacto,/exit,Desktop,Safari,33,0.283,177
2026-04-29,Estado de México,Organic,/contacto,/exit,Tablet,Safari,93,0.478,189
2026-04-29,Guanajuato,Organic,/servicios,/blog,Desktop,Chrome,39,0.346,192
2026-04-29,Puebla,Organic,/contacto,/exit,Mobile,Chrome,49,0.474,153
2026-04-30,Tamaulipas,Social,/blog,/exit,Desktop,Chrome,24,0.642,211
2026-04-30,Chihuahua,Organic,/nosotros,/servicios,Mobile,Chrome,28,0.538,130
2026-04-30,Quintana Roo,Social,/nosotros,/contacto,Desktop,Chrome,30,0.575,154
2026-04-30,Querétaro,Social,/servicios,/exit,Mobile,Firefox,78,0.62,161
2026-04-30,Puebla,Social,/home,/servicios,Desktop,Chrome,49,0.51,148
2026-04-30,Yucatán,CPC,/home,/nosotros,Mobile,Chrome,52,0.6,111
2026-04-30,Nuevo León,CPC,/nosotros,/home,Mobile,Firefox,100,0.661,96
2026-04-30,Yucatán,CPC,/home,/exit,Mobile,Safari,57,0.701,131
2026-04-30,Jalisco,Organic,/nosotros,/home,Mobile,Chrome,112,0.536,163
2026-04-30,Ciudad de México,Organic,/home,/exit,Mobile,Chrome,371,0.521,137
2026-04-30,Estado de México,Organic,/contacto,/exit,Desktop,Chrome,121,0.338,131
2026-04-30,Tabasco,CPC,/servicios,/exit,Desktop,Chrome,12,0.512,173
2026-04-30,Estado de México,Email,/home,/blog,Mobile,Chrome,123,0.514,95
2026-04-30,Nuevo León,CPC,/servicios,/blog,Mobile,Chrome,112,0.666,134
2026-04-30,Tabasco,Social,/home,/servicios,Mobile,Chrome,16,0.707,113
2026-04-30,Ciudad de México,Social,/contacto,/exit,Desktop,Edge,363,0.407,144
2026-04-30,Nuevo León,CPC,/contacto,/contacto,Mobile,Chrome,140,0.566,156
2026-05-01,Jalisco,Email,/home,/contacto,Desktop,Safari,180,0.481,168
2026-05-01,Morelos,Email,/home,/contacto,Desktop,Chrome,11,0.349,150
2026-05-01,Aguascalientes,Organic,/blog,/exit,Desktop,Safari,18,0.53,215
2026-05-01,Estado de México,CPC,/blog,/blog,Desktop,Chrome,77,0.591,187
2026-05-01,Ciudad de México,CPC,/blog,/exit,Mobile,Chrome,361,0.714,181
2026-05-01,Ciudad de México,Social,/blog,/exit,Mobile,Chrome,235,0.683,156
2026-05-01,Guanajuato,Social,/servicios,/contacto,Mobile,Chrome,52,0.668,149
2026-05-01,Ciudad de México,Direct,/nosotros,/exit,Mobile,Chrome,286,0.465,144
2026-05-01,Estado de México,Direct,/home,/servicios,Mobile,Chrome,108,0.444,183
2026-05-01,Yucatán,CPC,/nosotros,/blog,Mobile,Safari,50,0.764,118
2026-05-01,Nuevo León,Social,/home,/servicios,Tablet,Safari,123,0.641,140
2026-05-01,Veracruz,Direct,/home,/blog,Mobile,Chrome,28,0.482,125
2026-05-01,Guanajuato,CPC,/servicios,/nosotros,Mobile,Chrome,29,0.654,141
2026-05-01,Ciudad de México,Organic,/blog,/blog,Mobile,Chrome,239,0.723,213
2026-05-01,Chihuahua,Organic,/home,/servicios,Desktop,Chrome,27,0.37,138
2026-05-01,Estado de México,Email,/blog,/blog,Desktop,Safari,115,0.447,179
2026-05-01,Ciudad de México,CPC,/blog,/servicios,Desktop,Safari,392,0.608,193
2026-05-01,Jalisco,Organic,/nosotros,/home,Tablet,Chrome,184,0.456,163
2026-05-01,Nuevo León,Organic,/home,/exit,Desktop,Chrome,132,0.449,171
2026-05-01,Guanajuato,Social,/home,/exit,Mobile,Chrome,52,0.706,128
2026-05-02,Estado de México,CPC,/nosotros,/blog,Tablet,Chrome,76,0.556,145
2026-05-02,San Luis Potosí,Social,/blog,/nosotros,Mobile,Chrome,2,0.685,146
2026-05-02,Ciudad de México,CPC,/nosotros,/exit,Tablet,Chrome,189,0.566,150
2026-05-02,Jalisco,Organic,/blog,/contacto,Desktop,Edge,118,0.517,225
2026-05-02,Ciudad de México,Social,/home,/exit,Desktop,Chrome,240,0.447,138
2026-05-02,Nuevo León,Email,/home,/nosotros,Mobile,Chrome,68,0.497,122
2026-05-02,Sonora,Organic,/home,/exit,Desktop,Edge,11,0.32,177
2026-05-02,Ciudad de México,Social,/home,/exit,Mobile,Chrome,257,0.651,118
2026-05-02,Estado de México,Social,/contacto,/servicios,Mobile,Chrome,85,0.56,144
2026-05-02,Guanajuato,CPC,/contacto,/servicios,Mobile,Safari,36,0.586,91
2026-05-02,Jalisco,Organic,/blog,/exit,Mobile,Chrome,86,0.719,229
2026-05-02,Querétaro,CPC,/home,/home,Mobile,Edge,34,0.632,92
2026-05-02,Jalisco,Social,/servicios,/blog,Desktop,Chrome,105,0.505,177
2026-05-02,Ciudad de México,Social,/contacto,/exit,Desktop,Safari,235,0.467,146
2026-05-02,Ciudad de México,Organic,/blog,/exit,Mobile,Chrome,286,0.676,235
2026-05-02,Puebla,Organic,/nosotros,/contacto,Mobile,Safari,27,0.615,146
2026-05-02,Ciudad de México,Organic,/nosotros,/home,Desktop,Edge,253,0.469,198
2026-05-02,Nuevo León,Organic,/contacto,/contacto,Desktop,Safari,75,0.363,179
2026-05-02,Ciudad de México,Organic,/servicios,/home,Mobile,Chrome,225,0.592,162
2026-05-03,Nuevo León,CPC,/blog,/exit,Mobile,Safari,62,0.804,185
2026-05-03,Ciudad de México,Organic,/blog,/servicios,Mobile,Chrome,189,0.678,180
2026-05-03,Querétaro,Organic,/home,/nosotros,Tablet,Edge,46,0.4,151
2026-05-03,Ciudad de México,Social,/blog,/nosotros,Desktop,Chrome,180,0.722,190
2026-05-03,Nuevo León,Organic,/contacto,/home,Tablet,Safari,82,0.438,144
2026-05-03,Ciudad de México,CPC,/nosotros,/exit,Mobile,Safari,170,0.663,182
2026-05-03,Ciudad de México,Social,/contacto,/exit,Mobile,Chrome,159,0.583,117
2026-05-03,Puebla,Organic,/home,/exit,Desktop,Chrome,29,0.389,167
2026-05-03,Yucatán,Social,/servicios,/exit,Desktop,Chrome,24,0.538,167
2026-05-03,Tamaulipas,Social,/blog,/contacto,Desktop,Chrome,12,0.659,231
2026-05-03,Ciudad de México,Social,/servicios,/exit,Mobile,Opera,236,0.682,113
2026-05-03,Jalisco,Direct,/home,/servicios,Mobile,Chrome,87,0.376,155
2026-05-03,Nuevo León,CPC,/nosotros,/exit,Desktop,Edge,89,0.549,180
2026-05-03,Ciudad de México,CPC,/home,/servicios,Mobile,Firefox,187,0.548,116
2026-05-03,Estado de México,CPC,/contacto,/exit,Mobile,Firefox,71,0.512,124
2026-05-03,Jalisco,Organic,/contacto,/exit,Desktop,Chrome,89,0.311,144
2026-05-03,Nuevo León,Social,/nosotros,/blog,Mobile,Chrome,60,0.698,127
2026-05-03,Nuevo León,Email,/blog,/blog,Desktop,Chrome,97,0.51,196
2026-05-03,Hidalgo,Direct,/servicios,/servicios,Desktop,Safari,7,0.282,204
2026-05-03,Jalisco,Organic,/blog,/servicios,Desktop,Safari,88,0.495,233
2026-05-04,Nuevo León,CPC,/blog,/servicios,Mobile,Chrome,157,0.784,178
2026-05-04,Puebla,CPC,/contacto,/exit,Mobile,Firefox,73,0.567,122
2026-05-04,Nuevo León,Organic,/home,/nosotros,Desktop,Chrome,147,0.402,182
2026-05-04,Querétaro,Organic,/blog,/servicios,Mobile,Safari,57,0.604,164
2026-05-04,Hidalgo,CPC,/contacto,/exit,Mobile,Chrome,15,0.517,132
2026-05-04,Nuevo León,CPC,/blog,/exit,Mobile,Chrome,143,0.762,217
2026-05-04,Guanajuato,CPC,/nosotros,/exit,Mobile,Chrome,42,0.676,127
2026-05-04,Morelos,CPC,/contacto,/exit,Mobile,Firefox,11,0.554,104
2026-05-04,Ciudad de México,CPC,/servicios,/blog,Desktop,Edge,316,0.417,175
2026-05-04,Jalisco,CPC,/servicios,/home,Mobile,Safari,101,0.628,167
2026-05-04,Querétaro,Organic,/servicios,/contacto,Desktop,Chrome,79,0.514,203
2026-05-04,Nuevo León,Email,/nosotros,/contacto,Desktop,Chrome,149,0.521,140
2026-05-04,Jalisco,Social,/contacto,/home,Mobile,Chrome,126,0.6,120
2026-05-04,Jalisco,Social,/blog,/contacto,Tablet,Chrome,185,0.704,234
2026-05-04,Yucatán,CPC,/blog,/exit,Mobile,Chrome,53,0.73,208
2026-05-04,Jalisco,CPC,/servicios,/contacto,Mobile,Chrome,136,0.554,164
2026-05-05,Ciudad de México,Organic,/contacto,/exit,Mobile,Chrome,406,0.545,117
2026-05-05,Puebla,Social,/home,/exit,Mobile,Edge,78,0.636,138
2026-05-05,Ciudad de México,CPC,/blog,/servicios,Tablet,Chrome,293,0.667,245
2026-05-05,Ciudad de México,Organic,/home,/contacto,Mobile,Chrome,386,0.646,155
2026-05-05,Yucatán,Organic,/contacto,/exit,Mobile,Safari,47,0.541,144
2026-05-05,Ciudad de México,Organic,/contacto,/exit,Mobile,Chrome,273,0.528,142
2026-05-05,Guanajuato,Organic,/contacto,/exit,Desktop,Chrome,55,0.339,166
2026-05-05,Estado de México,Organic,/blog,/servicios,Mobile,Chrome,120,0.682,204
2026-05-05,Ciudad de México,CPC,/contacto,/servicios,Desktop,Chrome,367,0.46,160
2026-05-05,Jalisco,Organic,/blog,/servicios,Mobile,Chrome,108,0.613,205
2026-05-05,Jalisco,Social,/nosotros,/blog,Mobile,Chrome,152,0.643,83
2026-05-05,Ciudad de México,CPC,/home,/exit,Tablet,Chrome,397,0.638,204
2026-05-05,Nuevo León,Organic,/home,/servicios,Mobile,Safari,109,0.564,102
2026-05-05,Ciudad de México,CPC,/nosotros,/home,Mobile,Chrome,407,0.636,143
2026-05-05,Estado de México,Organic,/nosotros,/blog,Desktop,Chrome,120,0.49,168
2026-05-05,Ciudad de México,CPC,/servicios,/exit,Mobile,Chrome,259,0.643,109
2026-05-05,Nuevo León,Organic,/blog,/servicios,Mobile,Chrome,125,0.665,179
2026-05-06,Yucatán,Social,/nosotros,/contacto,Mobile,Safari,53,0.562,102
2026-05-06,Ciudad de México,CPC,/blog,/exit,Desktop,Chrome,320,0.662,215
2026-05-06,Coahuila,Organic,/servicios,/blog,Desktop,Chrome,19,0.377,189
2026-05-06,Estado de México,CPC,/servicios,/contacto,Mobile,Chrome,103,0.609,134
2026-05-06,Puebla,Social,/contacto,/home,Mobile,Chrome,73,0.634,93
2026-05-06,Yucatán,CPC,/blog,/contacto,Mobile,Chrome,34,0.741,206
2026-05-06,Estado de México,Direct,/blog,/servicios,Mobile,Chrome,106,0.463,229
2026-05-06,Estado de México,Direct,/contacto,/home,Mobile,Safari,98,0.39,162
2026-05-06,Nuevo León,Social,/blog,/servicios,Mobile,Chrome,107,0.791,204
2026-05-06,Hidalgo,Organic,/blog,/home,Desktop,Chrome,17,0.544,211
2026-05-06,San Luis Potosí,Social,/blog,/home,Desktop,Chrome,17,0.589,217
2026-05-06,Ciudad de México,Social,/contacto,/blog,Mobile,Chrome,318,0.571,101
2026-05-06,Yucatán,Organic,/servicios,/exit,Mobile,Safari,42,0.562,193
2026-05-06,Quintana Roo,Direct,/home,/contacto,Desktop,Firefox,31,0.335,215
2026-05-06,Yucatán,Direct,/home,/exit,Mobile,Edge,57,0.502,132
2026-05-06,Ciudad de México,CPC,/servicios,/home,Mobile,Chrome,395,0.588,148
2026-05-06,Nuevo León,Social,/servicios,/home,Mobile,Chrome,140,0.663,134
2026-05-06,Coahuila,Email,/home,/nosotros,Mobile,Chrome,18,0.611,104
2026-05-06,Jalisco,Social,/servicios,/blog,Mobile,Firefox,154,0.735,134
2026-05-06,Baja California,Direct,/home,/blog,Tablet,Chrome,28,0.348,206
2026-05-07,Quintana Roo,Social,/home,/servicios,Tablet,Chrome,49,0.506,165
2026-05-07,Ciudad de México,CPC,/contacto,/nosotros,Desktop,Chrome,372,0.525,116
2026-05-07,Jalisco,Social,/contacto,/home,Desktop,Chrome,160,0.438,115
2026-05-07,Ciudad de México,CPC,/blog,/exit,Mobile,Firefox,377,0.806,154
2026-05-07,Jalisco,Direct,/blog,/nosotros,Mobile,Firefox,180,0.531,254
2026-05-07,Ciudad de México,CPC,/nosotros,/exit,Mobile,Safari,287,0.703,77
2026-05-07,Nuevo León,CPC,/home,/exit,Desktop,Safari,138,0.558,153
2026-05-07,Guanajuato,CPC,/home,/exit,Mobile,Safari,41,0.657,106
2026-05-07,Jalisco,CPC,/servicios,/blog,Mobile,Chrome,160,0.694,121
2026-05-07,Quintana Roo,Organic,/blog,/servicios,Mobile,Safari,39,0.67,194
2026-05-07,Nuevo León,Organic,/contacto,/servicios,Desktop,Firefox,156,0.318,150
2026-05-07,Chihuahua,Email,/servicios,/home,Mobile,Safari,25,0.644,180
2026-05-07,Ciudad de México,CPC,/nosotros,/exit,Mobile,Chrome,333,0.643,104
2026-05-07,Coahuila,Social,/servicios,/contacto,Mobile,Chrome,18,0.721,143
2026-05-07,Puebla,CPC,/blog,/exit,Mobile,Chrome,53,0.78,170
2026-05-07,Puebla,CPC,/blog,/exit,Mobile,Chrome,55,0.722,152
2026-05-07,Guanajuato,Organic,/blog,/exit,Mobile,Chrome,48,0.778,204
2026-05-07,Aguascalientes,CPC,/blog,/contacto,Desktop,Chrome,13,0.587,202
2026-05-07,Chihuahua,Organic,/nosotros,/exit,Mobile,Chrome,27,0.637,155
2026-05-08,Ciudad de México,Organic,/blog,/exit,Mobile,Chrome,421,0.692,197
2026-05-08,Baja California,Direct,/servicios,/nosotros,Mobile,Chrome,44,0.364,169
2026-05-08,Querétaro,CPC,/servicios,/home,Mobile,Chrome,64,0.499,166
2026-05-08,Veracruz,Organic,/nosotros,/contacto,Mobile,Safari,16,0.586,146
2026-05-08,Coahuila,Organic,/blog,/exit,Mobile,Chrome,25,0.545,181
2026-05-08,Estado de México,CPC,/nosotros,/exit,Mobile,Chrome,129,0.62,165
2026-05-08,Ciudad de México,CPC,/blog,/servicios,Desktop,Chrome,254,0.481,223
2026-05-08,Estado de México,Organic,/nosotros,/blog,Tablet,Safari,121,0.484,176
2026-05-08,Querétaro,Organic,/contacto,/nosotros,Mobile,Chrome,65,0.505,171
2026-05-08,Jalisco,Organic,/nosotros,/blog,Mobile,Chrome,163,0.612,154
2026-05-08,Nuevo León,Social,/servicios,/nosotros,Mobile,Safari,91,0.622,141
2026-05-08,Sonora,CPC,/nosotros,/exit,Desktop,Chrome,27,0.495,139
2026-05-08,Estado de México,Email,/servicios,/exit,Desktop,Chrome,113,0.479,183
2026-05-08,Ciudad de México,Social,/blog,/exit,Mobile,Opera,340,0.713,170
2026-05-08,Veracruz,CPC,/nosotros,/exit,Mobile,Chrome,24,0.609,134
2026-05-08,Yucatán,Organic,/servicios,/exit,Desktop,Chrome,36,0.46,187
2026-05-08,Estado de México,CPC,/blog,/nosotros,Desktop,Chrome,133,0.605,217
2026-05-08,Morelos,Organic,/home,/home,Desktop,Chrome,7,0.399,153
2026-05-08,Nuevo León,Social,/blog,/exit,Desktop,Safari,155,0.583,167
2026-05-09,Jalisco,Organic,/home,/exit,Mobile,Chrome,103,0.592,130
2026-05-09,Querétaro,Social,/contacto,/servicios,Mobile,Chrome,44,0.641,130
2026-05-09,Ciudad de México,Direct,/nosotros,/contacto,Desktop,Chrome,264,0.35,207
2026-05-09,Baja California,Organic,/nosotros,/exit,Mobile,Chrome,32,0.584,140
2026-05-09,Jalisco,CPC,/nosotros,/servicios,Desktop,Firefox,64,0.472,152
2026-05-09,Ciudad de México,Direct,/nosotros,/exit,Mobile,Chrome,240,0.467,152
2026-05-09,Jalisco,Organic,/servicios,/exit,Mobile,Chrome,106,0.598,179
2026-05-09,Guanajuato,Email,/blog,/exit,Desktop,Safari,34,0.491,200
2026-05-09,Yucatán,Social,/contacto,/nosotros,Mobile,Chrome,39,0.599,127
2026-05-09,Ciudad de México,Organic,/servicios,/servicios,Desktop,Chrome,269,0.448,199
2026-05-09,Nuevo León,CPC,/blog,/exit,Mobile,Chrome,87,0.748,157
2026-05-09,Chihuahua,Direct,/home,/exit,Desktop,Chrome,22,0.369,141
2026-05-09,Yucatán,Email,/home,/exit,Desktop,Chrome,19,0.442,153
2026-05-09,Ciudad de México,CPC,/contacto,/nosotros,Desktop,Safari,264,0.413,132
2026-05-09,Ciudad de México,Direct,/home,/blog,Mobile,Chrome,259,0.463,166
2026-05-09,Ciudad de México,Social,/servicios,/servicios,Mobile,Chrome,253,0.686,133
2026-05-09,Nuevo León,Direct,/contacto,/exit,Desktop,Firefox,67,0.18,196
2026-05-09,Guanajuato,CPC,/nosotros,/exit,Mobile,Chrome,20,0.639,118
2026-05-09,Veracruz,Organic,/contacto,/exit,Desktop,Firefox,18,0.416,149
2026-05-09,Jalisco,Organic,/contacto,/exit,Desktop,Edge,107,0.295,140
2026-05-09,Querétaro,CPC,/nosotros,/exit,Mobile,Chrome,54,0.694,119
2026-05-10,Guanajuato,Direct,/servicios,/home,Mobile,Chrome,36,0.432,205
2026-05-10,Ciudad de México,Direct,/blog,/exit,Mobile,Chrome,279,0.549,186
2026-05-10,Ciudad de México,CPC,/home,/contacto,Mobile,Safari,223,0.513,130
2026-05-10,Quintana Roo,Email,/contacto,/exit,Desktop,Edge,19,0.341,176
2026-05-10,Guanajuato,Social,/servicios,/home,Desktop,Chrome,30,0.561,158
2026-05-10,Ciudad de México,Social,/home,/nosotros,Desktop,Chrome,168,0.495,151
2026-05-10,Estado de México,CPC,/blog,/exit,Mobile,Chrome,78,0.695,139
2026-05-10,Guanajuato,CPC,/nosotros,/exit,Mobile,Chrome,28,0.666,108
2026-05-10,Ciudad de México,CPC,/blog,/exit,Desktop,Firefox,170,0.637,221
2026-05-10,Jalisco,CPC,/blog,/nosotros,Mobile,Chrome,90,0.782,199
2026-05-10,Ciudad de México,Direct,/nosotros,/home,Desktop,Chrome,221,0.366,171
2026-05-10,Estado de México,CPC,/nosotros,/exit,Desktop,Safari,82,0.514,124
2026-05-10,Nuevo León,CPC,/blog,/home,Mobile,Edge,85,0.658,205
2026-05-10,Jalisco,Organic,/blog,/exit,Desktop,Chrome,110,0.44,221
2026-05-10,Guanajuato,CPC,/servicios,/exit,Mobile,Chrome,27,0.709,137
2026-05-10,Yucatán,CPC,/contacto,/servicios,Mobile,Safari,21,0.582,143
2026-05-10,Sonora,CPC,/nosotros,/contacto,Desktop,Chrome,11,0.493,155
2026-05-10,Ciudad de México,CPC,/home,/exit,Mobile,Chrome,188,0.649,123
2026-05-10,Jalisco,CPC,/blog,/servicios,Mobile,Chrome,105,0.706,190
2026-05-10,Nuevo León,Organic,/home,/servicios,Mobile,Safari,64,0.487,141
2026-05-10,Jalisco,Organic,/nosotros,/home,Mobile,Chrome,66,0.578,138
2026-05-11,Aguascalientes,Social,/servicios,/nosotros,Mobile,Chrome,8,0.714,126
2026-05-11,Yucatán,Organic,/servicios,/exit,Mobile,Chrome,49,0.568,168
2026-05-11,Nuevo León,Social,/home,/servicios,Mobile,Firefox,150,0.602,95
2026-05-11,Jalisco,CPC,/contacto,/blog,Desktop,Chrome,118,0.401,139
2026-05-11,Jalisco,Organic,/blog,/exit,Mobile,Chrome,123,0.702,201
2026-05-11,Puebla,Organic,/nosotros,/blog,Mobile,Safari,66,0.54,157
2026-05-11,Querétaro,Organic,/home,/exit,Desktop,Chrome,46,0.406,154
2026-05-11,Chihuahua,Social,/home,/contacto,Desktop,Chrome,32,0.518,130
2026-05-11,Quintana Roo,Social,/home,/servicios,Mobile,Chrome,32,0.647,119
2026-05-11,Ciudad de México,Organic,/home,/exit,Desktop,Chrome,360,0.436,191
2026-05-11,Jalisco,Organic,/servicios,/home,Desktop,Safari,187,0.461,207
2026-05-11,Nuevo León,Organic,/contacto,/exit,Mobile,Safari,86,0.499,131
2026-05-11,Tamaulipas,Direct,/blog,/servicios,Desktop,Safari,30,0.363,232
2026-05-11,Sonora,Organic,/home,/exit,Mobile,Safari,23,0.559,167
2026-05-11,Nuevo León,CPC,/servicios,/home,Desktop,Edge,154,0.505,174
2026-05-11,Ciudad de México,Organic,/servicios,/exit,Desktop,Chrome,317,0.459,192
2026-05-11,Jalisco,Organic,/nosotros,/exit,Desktop,Chrome,152,0.45,159
2026-05-11,Nuevo León,Email,/contacto,/exit,Desktop,Safari,154,0.366,120
2026-05-11,Estado de México,Organic,/blog,/exit,Mobile,Chrome,118,0.743,217
2026-05-11,Ciudad de México,CPC,/home,/exit,Mobile,Chrome,296,0.594,129
2026-05-12,Ciudad de México,CPC,/nosotros,/contacto,Desktop,Chrome,318,0.447,181
2026-05-12,Yucatán,CPC,/home,/home,Mobile,Chrome,53,0.671,110
2026-05-12,Estado de México,CPC,/servicios,/blog,Mobile,Chrome,123,0.696,160
2026-05-12,Estado de México,Social,/contacto,/exit,Mobile,Chrome,85,0.577,106
2026-05-12,Hidalgo,CPC,/servicios,/contacto,Desktop,Chrome,10,0.481,179
2026-05-12,Ciudad de México,Direct,/nosotros,/exit,Desktop,Chrome,434,0.369,166
2026-05-12,Jalisco,Organic,/home,/contacto,Mobile,Chrome,179,0.55,121
2026-05-12,Ciudad de México,CPC,/nosotros,/servicios,Desktop,Safari,268,0.497,150
2026-05-12,Ciudad de México,Organic,/contacto,/exit,Mobile,Chrome,303,0.513,154
2026-05-12,Ciudad de México,Organic,/servicios,/blog,Mobile,Edge,239,0.579,166
2026-05-12,Puebla,CPC,/servicios,/blog,Desktop,Chrome,51,0.447,137
2026-05-12,Hidalgo,Email,/home,/servicios,Desktop,Edge,12,0.439,134
2026-05-12,Jalisco,CPC,/servicios,/exit,Desktop,Firefox,165,0.535,161
2026-05-12,Ciudad de México,Organic,/servicios,/exit,Desktop,Chrome,433,0.435,205
2026-05-12,Nuevo León,Social,/contacto,/nosotros,Mobile,Chrome,119,0.589,131
2026-05-12,Puebla,Social,/nosotros,/exit,Mobile,Chrome,66,0.708,152
2026-05-12,Nuevo León,Organic,/nosotros,/exit,Mobile,Chrome,152,0.569,148
2026-05-12,Yucatán,Organic,/home,/contacto,Mobile,Chrome,53,0.519,146
2026-05-12,Jalisco,CPC,/nosotros,/servicios,Mobile,Chrome,157,0.684,106
2026-05-13,Estado de México,Social,/home,/servicios,Desktop,Edge,102,0.55,156
2026-05-13,Jalisco,Organic,/blog,/servicios,Desktop,Safari,150,0.604,235
2026-05-13,Guanajuato,Direct,/blog,/exit,Mobile,Chrome,47,0.597,193
2026-05-13,Ciudad de México,Social,/nosotros,/servicios,Tablet,Firefox,380,0.531,148
2026-05-13,Yucatán,Social,/home,/blog,Desktop,Chrome,41,0.554,164
2026-05-13,Estado de México,CPC,/home,/contacto,Desktop,Chrome,119,0.482,161
2026-05-13,Puebla,CPC,/blog,/contacto,Desktop,Chrome,58,0.625,205
2026-05-13,San Luis Potosí,Organic,/contacto,/contacto,Desktop,Chrome,13,0.374,187
2026-05-13,Estado de México,Organic,/nosotros,/exit,Mobile,Chrome,93,0.62,154
2026-05-13,Ciudad de México,Social,/home,/exit,Mobile,Chrome,311,0.688,141
2026-05-13,Ciudad de México,Organic,/nosotros,/nosotros,Mobile,Chrome,432,0.514,135
2026-05-13,Ciudad de México,Email,/servicios,/blog,Desktop,Chrome,403,0.465,193
2026-05-13,Jalisco,Organic,/servicios,/home,Desktop,Chrome,110,0.461,176
2026-05-13,Ciudad de México,Organic,/nosotros,/contacto,Desktop,Chrome,383,0.362,138
2026-05-13,Jalisco,Direct,/servicios,/nosotros,Desktop,Chrome,118,0.224,223
2026-05-13,Ciudad de México,CPC,/servicios,/exit,Mobile,Firefox,271,0.621,182
2026-05-13,Puebla,Social,/contacto,/home,Mobile,Chrome,52,0.523,114
2026-05-13,Nuevo León,Organic,/home,/servicios,Mobile,Chrome,137,0.509,160
2026-05-13,Coahuila,CPC,/servicios,/nosotros,Mobile,Chrome,30,0.63,145
2026-05-13,Puebla,Social,/blog,/exit,Mobile,Chrome,44,0.746,173
2026-05-14,Estado de México,CPC,/blog,/servicios,Mobile,Safari,97,0.717,143
2026-05-14,Estado de México,CPC,/contacto,/exit,Mobile,Chrome,119,0.547,125
2026-05-14,Ciudad de México,Organic,/servicios,/nosotros,Desktop,Safari,280,0.442,198
2026-05-14,Ciudad de México,Social,/home,/exit,Desktop,Chrome,400,0.538,140
2026-05-14,Estado de México,Social,/contacto,/servicios,Mobile,Chrome,112,0.635,124
2026-05-14,Jalisco,Organic,/nosotros,/servicios,Mobile,Chrome,119,0.542,126
2026-05-14,Ciudad de México,Organic,/home,/exit,Mobile,Chrome,392,0.57,148
2026-05-14,Jalisco,Social,/servicios,/nosotros,Mobile,Edge,156,0.753,139
2026-05-14,Ciudad de México,Organic,/contacto,/exit,Desktop,Chrome,278,0.368,195
2026-05-14,Chihuahua,Organic,/contacto,/home,Desktop,Safari,21,0.352,180
2026-05-14,Ciudad de México,Organic,/nosotros,/exit,Desktop,Chrome,301,0.394,199
2026-05-14,Ciudad de México,Social,/home,/blog,Mobile,Safari,383,0.683,137
2026-05-14,Chihuahua,Social,/servicios,/exit,Mobile,Safari,23,0.709,166
2026-05-14,Ciudad de México,CPC,/servicios,/exit,Tablet,Chrome,258,0.481,154
2026-05-14,Tamaulipas,Organic,/blog,/servicios,Mobile,Safari,21,0.677,217
2026-05-14,Jalisco,CPC,/nosotros,/home,Desktop,Chrome,186,0.469,159
2026-05-15,Estado de México,Social,/nosotros,/home,Desktop,Safari,97,0.546,104
2026-05-15,Estado de México,Organic,/nosotros,/blog,Desktop,Chrome,97,0.415,166
2026-05-15,Ciudad de México,CPC,/home,/exit,Mobile,Chrome,383,0.536,117
2026-05-15,Tamaulipas,Email,/contacto,/home,Mobile,Chrome,26,0.452,130
2026-05-15,Ciudad de México,CPC,/blog,/contacto,Mobile,Edge,334,0.716,155
2026-05-15,Veracruz,Social,/blog,/exit,Mobile,Chrome,24,0.766,200
2026-05-15,Puebla,Organic,/servicios,/home,Desktop,Firefox,71,0.377,212
2026-05-15,Chihuahua,CPC,/nosotros,/blog,Mobile,Chrome,25,0.623,100
2026-05-15,Jalisco,CPC,/home,/servicios,Desktop,Safari,151,0.526,132
2026-05-15,Ciudad de México,Social,/servicios,/exit,Desktop,Chrome,232,0.548,154
2026-05-15,Nuevo León,Organic,/servicios,/exit,Mobile,Chrome,96,0.546,168
2026-05-15,Estado de México,Organic,/servicios,/blog,Mobile,Safari,136,0.467,182
2026-05-15,Ciudad de México,Social,/home,/blog,Mobile,Chrome,303,0.606,119
2026-05-15,Ciudad de México,Organic,/contacto,/exit,Desktop,Chrome,242,0.354,170
2026-05-15,Querétaro,Email,/nosotros,/exit,Desktop,Firefox,77,0.358,172
2026-05-15,Tabasco,Social,/nosotros,/exit,Tablet,Safari,16,0.591,144
2026-05-15,Sonora,CPC,/home,/exit,Desktop,Edge,29,0.59,136
2026-05-15,Ciudad de México,CPC,/contacto,/blog,Desktop,Edge,274,0.487,147
2026-05-15,Ciudad de México,Social,/contacto,/nosotros,Mobile,Chrome,381,0.541,150
2026-05-16,Morelos,Direct,/blog,/exit,Desktop,Safari,12,0.482,228
2026-05-16,Guanajuato,Organic,/contacto,/exit,Mobile,Chrome,33,0.555,134
2026-05-16,Estado de México,Organic,/home,/servicios,Mobile,Firefox,86,0.631,175
2026-05-16,Chihuahua,Social,/nosotros,/exit,Mobile,Chrome,15,0.743,103
2026-05-16,Nuevo León,Social,/contacto,/exit,Mobile,Chrome,83,0.553,135
2026-05-16,Guanajuato,CPC,/nosotros,/exit,Desktop,Chrome,23,0.504,153
2026-05-16,Jalisco,CPC,/contacto,/blog,Mobile,Firefox,115,0.577,115
2026-05-16,Ciudad de México,CPC,/blog,/exit,Desktop,Firefox,255,0.533,207
2026-05-16,Ciudad de México,CPC,/servicios,/exit,Mobile,Chrome,190,0.595,143
2026-05-16,Querétaro,Organic,/home,/exit,Desktop,Safari,38,0.416,205
2026-05-16,Estado de México,Social,/nosotros,/home,Mobile,Chrome,81,0.696,104
2026-05-16,Guanajuato,Social,/servicios,/exit,Desktop,Chrome,35,0.613,170
2026-05-16,Coahuila,Email,/nosotros,/exit,Mobile,Chrome,20,0.642,128
2026-05-16,Ciudad de México,Direct,/home,/servicios,Desktop,Chrome,247,0.376,162
2026-05-16,Nuevo León,Organic,/blog,/exit,Mobile,Safari,63,0.659,203
2026-05-16,Guanajuato,CPC,/servicios,/nosotros,Desktop,Opera,38,0.53,169
2026-05-16,Hidalgo,Organic,/blog,/exit,Mobile,Opera,11,0.661,214
2026-05-16,Jalisco,Organic,/nosotros,/exit,Desktop,Chrome,118,0.447,135
2026-05-16,Querétaro,Organic,/home,/servicios,Desktop,Chrome,40,0.44,194
2026-05-17,Nuevo León,Social,/nosotros,/contacto,Mobile,Chrome,86,0.672,124
2026-05-17,Jalisco,Social,/nosotros,/exit,Desktop,Chrome,70,0.576,116
2026-05-17,Estado de México,Organic,/home,/exit,Desktop,Chrome,54,0.459,192
2026-05-17,Ciudad de México,CPC,/servicios,/contacto,Desktop,Chrome,235,0.42,160
2026-05-17,Ciudad de México,Email,/contacto,/servicios,Mobile,Chrome,276,0.5,121
2026-05-17,Tamaulipas,Direct,/servicios,/exit,Mobile,Chrome,21,0.614,151
2026-05-17,Querétaro,CPC,/home,/blog,Desktop,Safari,38,0.532,135
2026-05-17,Ciudad de México,CPC,/contacto,/nosotros,Desktop,Chrome,224,0.36,171
2026-05-17,Jalisco,Organic,/servicios,/exit,Mobile,Chrome,69,0.647,167
2026-05-17,Ciudad de México,CPC,/contacto,/servicios,Desktop,Safari,261,0.493,144
2026-05-17,Ciudad de México,CPC,/home,/exit,Mobile,Chrome,207,0.62,102
2026-05-17,Jalisco,Organic,/home,/servicios,Desktop,Chrome,119,0.413,176
2026-05-17,Veracruz,Organic,/nosotros,/home,Desktop,Chrome,14,0.365,162
2026-05-17,Chihuahua,Organic,/blog,/exit,Tablet,Chrome,21,0.472,223
2026-05-17,Jalisco,CPC,/servicios,/exit,Mobile,Safari,73,0.726,152
2026-05-17,Hidalgo,Social,/nosotros,/servicios,Mobile,Chrome,13,0.64,115
2026-05-17,Nuevo León,Direct,/blog,/exit,Desktop,Safari,58,0.384,259
2026-05-17,Ciudad de México,Organic,/servicios,/contacto,Desktop,Firefox,163,0.375,191
2026-05-17,Sonora,Email,/servicios,/contacto,Mobile,Chrome,19,0.554,126
2026-05-17,Querétaro,Direct,/contacto,/exit,Desktop,Safari,43,0.254,180
2026-05-18,Aguascalientes,Social,/servicios,/servicios,Desktop,Chrome,9,0.417,169
2026-05-18,Nuevo León,CPC,/servicios,/exit,Mobile,Chrome,142,0.636,163
2026-05-18,Ciudad de México,Organic,/blog,/exit,Desktop,Chrome,432,0.526,231
2026-05-18,Nuevo León,CPC,/contacto,/nosotros,Mobile,Chrome,102,0.685,116
2026-05-18,Ciudad de México,CPC,/home,/contacto,Mobile,Chrome,418,0.691,130
2026-05-18,Ciudad de México,Social,/blog,/nosotros,Mobile,Chrome,419,0.779,172
2026-05-18,Nuevo León,Direct,/nosotros,/home,Mobile,Chrome,146,0.501,164
2026-05-18,Ciudad de México,CPC,/servicios,/exit,Mobile,Chrome,428,0.693,157
2026-05-18,Nuevo León,Social,/nosotros,/contacto,Mobile,Safari,152,0.765,148
2026-05-18,Quintana Roo,Organic,/servicios,/home,Mobile,Chrome,45,0.651,164
2026-05-18,Nuevo León,Organic,/servicios,/exit,Mobile,Safari,134,0.57,199
2026-05-18,Coahuila,Email,/servicios,/contacto,Mobile,Safari,25,0.552,123
2026-05-18,Ciudad de México,Email,/servicios,/home,Desktop,Chrome,316,0.545,171
2026-05-18,Nuevo León,CPC,/nosotros,/contacto,Mobile,Chrome,133,0.659,134
2026-05-18,Ciudad de México,CPC,/blog,/blog,Mobile,Chrome,307,0.742,218
2026-05-18,Ciudad de México,Organic,/blog,/contacto,Desktop,Chrome,415,0.485,241
2026-05-18,Nuevo León,Organic,/contacto,/exit,Mobile,Safari,94,0.497,123
2026-05-18,Yucatán,CPC,/servicios,/exit,Mobile,Safari,33,0.706,165
2026-05-18,Ciudad de México,CPC,/servicios,/blog,Desktop,Safari,322,0.566,183
2026-05-19,Jalisco,CPC,/servicios,/home,Desktop,Chrome,121,0.485,136
2026-05-19,Yucatán,Direct,/blog,/nosotros,Desktop,Chrome,56,0.467,258
2026-05-19,Tamaulipas,CPC,/servicios,/nosotros,Mobile,Chrome,26,0.671,116
2026-05-19,Guanajuato,CPC,/home,/servicios,Desktop,Edge,57,0.464,138
2026-05-19,Querétaro,Organic,/contacto,/exit,Mobile,Chrome,92,0.425,148
2026-05-19,Estado de México,Organic,/contacto,/home,Mobile,Safari,94,0.501,145
2026-05-19,Ciudad de México,Direct,/home,/exit,Desktop,Chrome,284,0.327,185
2026-05-19,Jalisco,CPC,/contacto,/blog,Mobile,Chrome,112,0.572,121
2026-05-19,Quintana Roo,Social,/servicios,/blog,Mobile,Firefox,22,0.667,116
2026-05-19,Tamaulipas,Organic,/servicios,/exit,Desktop,Chrome,19,0.45,222
2026-05-19,Coahuila,CPC,/nosotros,/blog,Mobile,Safari,26,0.595,116
2026-05-19,Quintana Roo,Organic,/servicios,/exit,Desktop,Firefox,23,0.499,176
2026-05-19,Puebla,Organic,/nosotros,/exit,Mobile,Chrome,73,0.566,130
2026-05-19,Yucatán,Organic,/home,/exit,Mobile,Chrome,51,0.628,163
2026-05-19,Ciudad de México,Direct,/home,/exit,Desktop,Safari,257,0.343,179
2026-05-19,Ciudad de México,Social,/blog,/nosotros,Desktop,Safari,262,0.592,206
2026-05-19,Estado de México,Organic,/home,/contacto,Mobile,Chrome,127,0.606,140
2026-05-19,Ciudad de México,CPC,/nosotros,/exit,Mobile,Chrome,376,0.497,118
2026-05-20,Ciudad de México,Email,/home,/nosotros,Mobile,Chrome,418,0.624,100
2026-05-20,Ciudad de México,CPC,/servicios,/exit,Desktop,Safari,373,0.496,180
2026-05-20,Veracruz,Social,/home,/exit,Tablet,Safari,27,0.595,135
2026-05-20,Ciudad de México,CPC,/home,/servicios,Desktop,Firefox,321,0.537,158
2026-05-20,Ciudad de México,Social,/nosotros,/exit,Mobile,Chrome,319,0.758,148
2026-05-20,Veracruz,CPC,/nosotros,/contacto,Mobile,Chrome,30,0.719,129
2026-05-20,Estado de México,Social,/home,/blog,Desktop,Chrome,71,0.503,161
2026-05-20,Ciudad de México,Organic,/servicios,/blog,Desktop,Chrome,268,0.539,191
2026-05-20,Ciudad de México,Social,/servicios,/nosotros,Mobile,Chrome,242,0.626,163
2026-05-20,Puebla,Organic,/home,/servicios,Desktop,Edge,46,0.487,181
2026-05-20,Quintana Roo,Organic,/contacto,/exit,Mobile,Safari,33,0.491,121
2026-05-20,Querétaro,Organic,/home,/exit,Mobile,Chrome,55,0.664,142
2026-05-20,Puebla,Direct,/contacto,/nosotros,Desktop,Safari,69,0.296,179
2026-05-20,Ciudad de México,CPC,/nosotros,/exit,Tablet,Safari,277,0.62,101
2026-05-20,Querétaro,Organic,/nosotros,/exit,Desktop,Chrome,58,0.41,161
2026-05-20,Ciudad de México,Organic,/home,/blog,Desktop,Edge,265,0.492,180
2026-05-20,Yucatán,Organic,/home,/blog,Desktop,Chrome,32,0.349,158
2026-05-21,Ciudad de México,Organic,/blog,/exit,Mobile,Opera,337,0.661,176
2026-05-21,Hidalgo,Social,/contacto,/home,Mobile,Chrome,12,0.698,120
2026-05-21,Nuevo León,Direct,/nosotros,/home,Mobile,Chrome,128,0.538,133
2026-05-21,Querétaro,Social,/contacto,/exit,Mobile,Firefox,80,0.651,108
2026-05-21,Yucatán,Organic,/nosotros,/home,Mobile,Edge,56,0.582,201
2026-05-21,Querétaro,Email,/home,/exit,Desktop,Opera,56,0.304,131
2026-05-21,Yucatán,Organic,/blog,/servicios,Mobile,Chrome,42,0.648,211
2026-05-21,Guanajuato,CPC,/nosotros,/exit,Tablet,Firefox,34,0.617,141
2026-05-21,Jalisco,Organic,/servicios,/contacto,Mobile,Chrome,146,0.517,187
2026-05-21,Estado de México,Organic,/contacto,/exit,Desktop,Safari,78,0.34,148
2026-05-21,Ciudad de México,Organic,/home,/blog,Mobile,Chrome,408,0.537,156
2026-05-21,Estado de México,Social,/home,/exit,Mobile,Chrome,137,0.694,130
2026-05-21,Jalisco,Email,/nosotros,/home,Mobile,Safari,144,0.601,132
2026-05-21,Querétaro,Organic,/nosotros,/home,Mobile,Chrome,87,0.604,138
2026-05-21,Ciudad de México,Organic,/blog,/exit,Desktop,Chrome,249,0.517,242
2026-05-21,Sonora,CPC,/blog,/servicios,Mobile,Chrome,19,0.694,205
2026-05-22,Ciudad de México,Direct,/servicios,/exit,Mobile,Chrome,325,0.498,162
2026-05-22,Chihuahua,Organic,/servicios,/nosotros,Desktop,Chrome,32,0.536,201
2026-05-22,Tamaulipas,CPC,/nosotros,/blog,Mobile,Safari,30,0.742,103
2026-05-22,Querétaro,Social,/servicios,/nosotros,Desktop,Chrome,71,0.512,166
2026-05-22,Ciudad de México,Organic,/blog,/exit,Desktop,Firefox,238,0.419,235
2026-05-22,Puebla,Social,/blog,/exit,Mobile,Chrome,58,0.794,187
2026-05-22,Nuevo León,Organic,/nosotros,/blog,Desktop,Chrome,133,0.378,149
2026-05-22,Tamaulipas,Direct,/home,/servicios,Mobile,Chrome,19,0.536,173
2026-05-22,Querétaro,CPC,/home,/exit,Desktop,Chrome,86,0.519,165
2026-05-22,Jalisco,Organic,/nosotros,/contacto,Mobile,Chrome,173,0.618,141
2026-05-22,Ciudad de México,Organic,/nosotros,/exit,Desktop,Chrome,238,0.441,171
2026-05-22,Quintana Roo,Direct,/blog,/nosotros,Mobile,Safari,47,0.567,268
2026-05-22,Ciudad de México,Social,/contacto,/nosotros,Desktop,Safari,426,0.501,143
2026-05-22,Chihuahua,CPC,/servicios,/contacto,Mobile,Chrome,27,0.689,122
2026-05-22,Ciudad de México,CPC,/home,/home,Tablet,Chrome,235,0.637,150
2026-05-22,Veracruz,Organic,/servicios,/exit,Mobile,Safari,26,0.598,192
2026-05-22,Ciudad de México,Organic,/nosotros,/exit,Desktop,Safari,368,0.454,175
2026-05-23,Querétaro,CPC,/contacto,/home,Mobile,Chrome,36,0.597,110
2026-05-23,Nuevo León,CPC,/nosotros,/exit,Desktop,Chrome,76,0.529,143
2026-05-23,Puebla,CPC,/servicios,/blog,Mobile,Edge,25,0.612,122
2026-05-23,Coahuila,Organic,/contacto,/exit,Mobile,Chrome,14,0.494,99
2026-05-23,Ciudad de México,Organic,/servicios,/blog,Mobile,Chrome,199,0.597,170
2026-05-23,Ciudad de México,Social,/servicios,/exit,Mobile,Chrome,202,0.648,127
2026-05-23,Quintana Roo,CPC,/blog,/servicios,Tablet,Edge,26,0.673,208
2026-05-23,Quintana Roo,CPC,/nosotros,/contacto,Mobile,Chrome,22,0.678,92
2026-05-23,Querétaro,CPC,/home,/nosotros,Desktop,Chrome,61,0.509,163
2026-05-23,Querétaro,Direct,/nosotros,/home,Tablet,Chrome,38,0.351,190
2026-05-23,Ciudad de México,Organic,/blog,/home,Mobile,Chrome,190,0.653,193
2026-05-23,Estado de México,Organic,/blog,/exit,Mobile,Chrome,68,0.586,194
2026-05-23,Tamaulipas,Social,/nosotros,/exit,Desktop,Chrome,15,0.545,150
2026-05-23,Nuevo León,Organic,/nosotros,/servicios,Mobile,Chrome,71,0.571,144
2026-05-23,Ciudad de México,Social,/nosotros,/blog,Desktop,Chrome,265,0.6,150
2026-05-23,Estado de México,Organic,/nosotros,/exit,Mobile,Chrome,61,0.518,153
2026-05-24,Nuevo León,Organic,/nosotros,/exit,Mobile,Opera,96,0.635,105
2026-05-24,Ciudad de México,Organic,/blog,/exit,Desktop,Chrome,246,0.536,245
2026-05-24,Chihuahua,CPC,/home,/blog,Desktop,Opera,15,0.551,150
2026-05-24,Ciudad de México,Social,/servicios,/exit,Desktop,Chrome,226,0.61,199
2026-05-24,Yucatán,Direct,/nosotros,/exit,Tablet,Chrome,30,0.315,173
2026-05-24,Hidalgo,Organic,/blog,/exit,Desktop,Chrome,9,0.425,222
2026-05-24,Puebla,Social,/nosotros,/home,Mobile,Chrome,26,0.632,119
2026-05-24,Nuevo León,Organic,/contacto,/exit,Desktop,Safari,90,0.341,145
2026-05-24,Baja California,Organic,/nosotros,/exit,Mobile,Edge,32,0.585,157
2026-05-24,Ciudad de México,CPC,/contacto,/exit,Desktop,Firefox,169,0.439,132
2026-05-24,Chihuahua,Organic,/nosotros,/blog,Mobile,Safari,16,0.616,150
2026-05-24,Ciudad de México,CPC,/blog,/nosotros,Mobile,Chrome,161,0.734,161
2026-05-24,Jalisco,CPC,/nosotros,/contacto,Desktop,Chrome,67,0.433,109
2026-05-24,Ciudad de México,Organic,/home,/contacto,Mobile,Chrome,190,0.552,145
2026-05-24,Guanajuato,Direct,/servicios,/nosotros,Mobile,Chrome,27,0.468,175
2026-05-24,Nuevo León,Social,/servicios,/blog,Mobile,Chrome,84,0.721,179
2026-05-24,Ciudad de México,Organic,/servicios,/exit,Mobile,Chrome,266,0.528,136
2026-05-24,Estado de México,Email,/servicios,/contacto,Desktop,Chrome,47,0.291,150
2026-05-25,Ciudad de México,CPC,/home,/blog,Desktop,Safari,386,0.464,146
2026-05-25,Estado de México,Social,/blog,/nosotros,Mobile,Chrome,101,0.785,145
2026-05-25,Chihuahua,CPC,/home,/servicios,Mobile,Safari,21,0.635,107
2026-05-25,Nuevo León,Organic,/blog,/servicios,Desktop,Firefox,92,0.437,199
2026-05-25,Sonora,Social,/contacto,/servicios,Desktop,Chrome,30,0.508,133
2026-05-25,Nuevo León,Email,/contacto,/exit,Mobile,Chrome,141,0.45,123
2026-05-25,Aguascalientes,Social,/nosotros,/exit,Mobile,Firefox,7,0.639,113
2026-05-25,Estado de México,Organic,/blog,/home,Mobile,Chrome,78,0.672,197
2026-05-25,Nuevo León,Organic,/home,/blog,Mobile,Edge,109,0.583,119
2026-05-25,San Luis Potosí,CPC,/servicios,/exit,Tablet,Safari,6,0.557,177
2026-05-25,Tamaulipas,Organic,/nosotros,/exit,Desktop,Chrome,18,0.489,158
2026-05-25,Ciudad de México,CPC,/servicios,/exit,Desktop,Safari,273,0.481,179
2026-05-25,Jalisco,Organic,/servicios,/nosotros,Desktop,Chrome,178,0.48,210
2026-05-25,Puebla,CPC,/blog,/nosotros,Desktop,Chrome,59,0.493,220
2026-05-25,Ciudad de México,Social,/blog,/exit,Mobile,Chrome,353,0.814,196
2026-05-25,Estado de México,Organic,/nosotros,/exit,Desktop,Chrome,109,0.414,171
2026-05-25,Ciudad de México,Social,/home,/exit,Desktop,Chrome,350,0.557,138
2026-05-25,Estado de México,CPC,/contacto,/servicios,Desktop,Safari,126,0.51,174
2026-05-25,Querétaro,Organic,/home,/exit,Desktop,Safari,76,0.43,170
2026-05-25,Querétaro,Organic,/nosotros,/home,Mobile,Chrome,74,0.594,143
2026-05-25,Nuevo León,Email,/contacto,/servicios,Desktop,Edge,131,0.404,126
2026-05-25,Nuevo León,Social,/servicios,/blog,Mobile,Safari,141,0.698,163
2026-05-26,Puebla,Email,/nosotros,/nosotros,Mobile,Safari,73,0.524,124
2026-05-26,Ciudad de México,CPC,/blog,/home,Desktop,Chrome,369,0.705,220
2026-05-26,Aguascalientes,CPC,/servicios,/nosotros,Desktop,Chrome,18,0.536,211
2026-05-26,Estado de México,CPC,/contacto,/blog,Mobile,Chrome,119,0.565,145
2026-05-26,Jalisco,CPC,/nosotros,/exit,Desktop,Chrome,151,0.408,126
2026-05-26,Yucatán,CPC,/contacto,/blog,Mobile,Chrome,53,0.591,117
2026-05-26,Guanajuato,Organic,/nosotros,/blog,Desktop,Chrome,39,0.511,193
2026-05-26,Guanajuato,CPC,/home,/exit,Tablet,Edge,33,0.515,151
2026-05-26,Querétaro,Organic,/nosotros,/nosotros,Mobile,Chrome,97,0.582,153
2026-05-26,Nuevo León,Organic,/contacto,/exit,Mobile,Chrome,93,0.449,121
2026-05-26,Ciudad de México,Social,/nosotros,/contacto,Desktop,Chrome,410,0.572,172
2026-05-26,Veracruz,Social,/contacto,/exit,Mobile,Edge,25,0.563,99
2026-05-26,Ciudad de México,Organic,/home,/exit,Mobile,Chrome,264,0.563,149
2026-05-26,Ciudad de México,CPC,/blog,/exit,Mobile,Chrome,286,0.832,195
2026-05-26,Aguascalientes,Organic,/contacto,/nosotros,Desktop,Edge,7,0.259,159
2026-05-26,Estado de México,Direct,/home,/nosotros,Tablet,Safari,93,0.393,181
2026-05-26,Ciudad de México,Social,/home,/blog,Mobile,Safari,245,0.669,121
2026-05-26,Nuevo León,Social,/nosotros,/exit,Desktop,Edge,99,0.586,158
2026-05-27,Querétaro,CPC,/servicios,/home,Mobile,Edge,51,0.553,135
2026-05-27,Puebla,Social,/nosotros,/exit,Desktop,Chrome,59,0.516,142
2026-05-27,Ciudad de México,CPC,/blog,/nosotros,Desktop,Chrome,245,0.606,211
2026-05-27,Nuevo León,Social,/home,/exit,Desktop,Chrome,84,0.548,138
2026-05-27,Ciudad de México,Organic,/servicios,/exit,Mobile,Chrome,263,0.545,169
2026-05-27,Ciudad de México,Organic,/blog,/exit,Mobile,Chrome,411,0.633,163
2026-05-27,Yucatán,Organic,/blog,/blog,Desktop,Chrome,46,0.621,248
2026-05-27,Puebla,CPC,/servicios,/exit,Mobile,Chrome,60,0.648,131
2026-05-27,Jalisco,Social,/nosotros,/exit,Mobile,Firefox,137,0.774,120
2026-05-27,Ciudad de México,CPC,/home,/blog,Mobile,Firefox,361,0.699,117
2026-05-27,Nuevo León,Organic,/contacto,/home,Mobile,Safari,109,0.51,98
2026-05-27,Veracruz,Social,/blog,/exit,Mobile,Safari,21,0.719,208
2026-05-27,Nuevo León,CPC,/home,/exit,Desktop,Safari,123,0.584,112
2026-05-27,Nuevo León,CPC,/servicios,/exit,Desktop,Chrome,116,0.516,175
2026-05-27,Quintana Roo,Email,/contacto,/blog,Mobile,Chrome,33,0.465,104
2026-05-27,Puebla,Social,/home,/blog,Desktop,Chrome,65,0.571,129
2026-05-27,Ciudad de México,Organic,/contacto,/servicios,Mobile,Chrome,244,0.489,164
2026-05-28,San Luis Potosí,CPC,/blog,/exit,Mobile,Safari,7,0.782,200
2026-05-28,Ciudad de México,Organic,/nosotros,/exit,Mobile,Safari,242,0.643,151
2026-05-28,Ciudad de México,Organic,/blog,/contacto,Desktop,Edge,243,0.508,241
2026-05-28,Nuevo León,CPC,/blog,/exit,Mobile,Chrome,130,0.676,151
2026-05-28,Ciudad de México,Organic,/nosotros,/exit,Desktop,Chrome,310,0.409,163
2026-05-28,Ciudad de México,Direct,/contacto,/servicios,Desktop,Chrome,302,0.276,157
2026-05-28,Tamaulipas,CPC,/servicios,/nosotros,Desktop,Safari,28,0.631,160
2026-05-28,Tabasco,CPC,/nosotros,/contacto,Tablet,Chrome,13,0.58,122
2026-05-28,Puebla,CPC,/contacto,/blog,Mobile,Chrome,49,0.622,68
2026-05-28,Ciudad de México,Organic,/nosotros,/exit,Tablet,Safari,413,0.536,181
2026-05-28,Ciudad de México,CPC,/nosotros,/servicios,Mobile,Chrome,400,0.683,109
2026-05-28,Veracruz,Social,/blog,/nosotros,Desktop,Chrome,20,0.504,235
2026-05-28,Estado de México,Social,/nosotros,/home,Desktop,Edge,83,0.548,117
2026-05-28,Nuevo León,Organic,/home,/exit,Desktop,Edge,153,0.369,168
2026-05-28,Jalisco,CPC,/servicios,/exit,Mobile,Safari,112,0.592,129
2026-05-28,Tabasco,Organic,/nosotros,/exit,Desktop,Chrome,14,0.416,190
2026-05-28,Ciudad de México,Organic,/contacto,/home,Desktop,Edge,416,0.335,152
2026-05-28,Jalisco,Organic,/home,/blog,Desktop,Chrome,139,0.332,155
2026-05-29,Estado de México,Direct,/servicios,/exit,Mobile,Chrome,77,0.433,189
2026-05-29,Sonora,Organic,/blog,/blog,Mobile,Chrome,21,0.633,244
2026-05-29,Morelos,Social,/servicios,/home,Desktop,Safari,16,0.54,169
2026-05-29,Chihuahua,Email,/home,/contacto,Mobile,Safari,29,0.605,156
2026-05-29,Estado de México,Social,/blog,/exit,Mobile,Edge,119,0.72,187
2026-05-29,Ciudad de México,Direct,/home,/exit,Tablet,Safari,396,0.374,169
2026-05-29,Estado de México,Organic,/home,/exit,Desktop,Chrome,91,0.324,187
2026-05-29,Quintana Roo,Organic,/home,/exit,Desktop,Safari,37,0.462,183
2026-05-29,Tamaulipas,Social,/servicios,/exit,Mobile,Chrome,19,0.666,137
2026-05-29,Estado de México,Social,/nosotros,/exit,Mobile,Chrome,87,0.754,122
2026-05-29,Querétaro,Social,/contacto,/exit,Mobile,Chrome,58,0.665,84
2026-05-29,Puebla,CPC,/contacto,/nosotros,Desktop,Chrome,42,0.544,136
2026-05-29,Yucatán,CPC,/nosotros,/home,Mobile,Chrome,47,0.625,101
2026-05-29,Jalisco,Organic,/nosotros,/exit,Desktop,Edge,156,0.415,191
2026-05-29,Chihuahua,Social,/blog,/exit,Mobile,Safari,25,0.735,186
2026-05-29,Ciudad de México,CPC,/home,/nosotros,Mobile,Chrome,315,0.565,108
2026-05-29,Ciudad de México,Email,/contacto,/home,Desktop,Chrome,382,0.426,160
2026-05-29,Veracruz,Social,/contacto,/servicios,Desktop,Safari,22,0.496,130
2026-05-29,Guanajuato,Organic,/nosotros,/servicios,Mobile,Chrome,50,0.58,141
2026-05-29,Tamaulipas,Organic,/servicios,/blog,Mobile,Chrome,16,0.651,174
2026-05-30,Yucatán,Social,/blog,/exit,Mobile,Safari,27,0.755,150
2026-05-30,Nuevo León,Organic,/servicios,/home,Desktop,Chrome,84,0.453,221
2026-05-30,Jalisco,Organic,/blog,/contacto,Mobile,Chrome,74,0.622,218
2026-05-30,Ciudad de México,CPC,/contacto,/contacto,Mobile,Chrome,205,0.563,71
2026-05-30,Yucatán,Social,/home,/nosotros,Mobile,Chrome,27,0.656,116
2026-05-30,Jalisco,Organic,/contacto,/servicios,Desktop,Chrome,117,0.343,166
2026-05-30,Jalisco,Direct,/servicios,/home,Mobile,Edge,95,0.453,198
2026-05-30,Ciudad de México,Organic,/home,/blog,Desktop,Chrome,184,0.447,148
2026-05-30,Jalisco,Social,/contacto,/exit,Mobile,Safari,104,0.656,106
2026-05-30,Ciudad de México,Organic,/home,/blog,Mobile,Chrome,207,0.621,145
2026-05-30,Ciudad de México,Social,/contacto,/nosotros,Mobile,Safari,151,0.572,121
2026-05-30,Veracruz,Social,/blog,/exit,Mobile,Chrome,12,0.737,178
2026-05-30,Querétaro,Social,/nosotros,/servicios,Mobile,Chrome,40,0.721,139
2026-05-30,Nuevo León,Organic,/home,/nosotros,Mobile,Chrome,60,0.526,136
2026-05-30,Ciudad de México,CPC,/contacto,/exit,Mobile,Chrome,194,0.616,109
2026-05-30,Baja California,Direct,/contacto,/exit,Desktop,Chrome,33,0.189,178
2026-05-30,Ciudad de México,Organic,/blog,/contacto,Desktop,Chrome,173,0.447,219
2026-05-30,Jalisco,Social,/contacto,/exit,Desktop,Chrome,90,0.506,145
2026-05-30,Ciudad de México,Direct,/nosotros,/exit,Desktop,Chrome,191,0.389,210
2026-05-30,Nuevo León,CPC,/servicios,/exit,Mobile,Safari,74,0.637,127
2026-05-30,Baja California,Organic,/servicios,/exit,Mobile,Chrome,29,0.547,135
2026-05-30,Estado de México,CPC,/contacto,/exit,Desktop,Safari,74,0.487,148
2026-05-31,Yucatán,Organic,/servicios,/nosotros,Mobile,Chrome,21,0.586,184
2026-05-31,Ciudad de México,CPC,/blog,/contacto,Mobile,Edge,154,0.779,183
2026-05-31,Nuevo León,Organic,/home,/exit,Desktop,Chrome,96,0.501,170
2026-05-31,Nuevo León,CPC,/home,/home,Desktop,Safari,53,0.501,134
2026-05-31,Coahuila,Organic,/nosotros,/exit,Desktop,Chrome,8,0.455,159
2026-05-31,Coahuila,Social,/blog,/exit,Desktop,Chrome,13,0.512,206
2026-05-31,Jalisco,Direct,/contacto,/servicios,Desktop,Chrome,78,0.222,190
2026-05-31,Ciudad de México,CPC,/home,/nosotros,Mobile,Safari,223,0.615,135
2026-05-31,Puebla,CPC,/home,/blog,Mobile,Chrome,30,0.541,90
2026-05-31,Yucatán,Social,/home,/exit,Mobile,Chrome,39,0.717,93
2026-05-31,Chihuahua,Organic,/home,/nosotros,Desktop,Chrome,13,0.458,182
2026-05-31,Ciudad de México,Organic,/blog,/servicios,Desktop,Chrome,207,0.454,237
2026-05-31,Jalisco,Social,/servicios,/home,Mobile,Chrome,114,0.716,162
2026-05-31,Tabasco,CPC,/blog,/servicios,Desktop,Safari,12,0.522,201
2026-05-31,Ciudad de México,CPC,/blog,/home,Mobile,Chrome,165,0.685,183
2026-05-31,Jalisco,CPC,/blog,/exit,Desktop,Edge,96,0.631,227
2026-05-31,Jalisco,Direct,/servicios,/contacto,Mobile,Chrome,71,0.406,192
2026-05-31,Estado de México,Social,/servicios,/blog,Desktop,Chrome,65,0.49,175
2026-05-31,Ciudad de México,Direct,/contacto,/home,Mobile,Firefox,208,0.448,150
