equipo,grupo,fecha,oponente,resultado,goles_favor,goles_contra,posesion,xg,xga,tiros_puerta,sca,grupo_pdf,draftkings_odds,betmgm_odds,fox_dk_odds,prob_implicita_pct,titulos_historicos,finales_historicas,semis_historicas,ultimo_titulo
Mexico,Group A,2026-03-28,pt Portugal,D,0.0,0.0,,,,,,A,7000.0,7000.0,7000.0,1.4,0.0,0.0,0.0,
Mexico,Group A,2026-03-31,be Belgium,D,1.0,1.0,,,,,,A,7000.0,7000.0,7000.0,1.4,0.0,0.0,0.0,
Mexico,Group A,2026-05-22,gh Ghana,W,2.0,0.0,,,,,,A,7000.0,7000.0,7000.0,1.4,0.0,0.0,0.0,
Mexico,Group A,2026-05-30,au Australia,W,1.0,0.0,,,,,,A,7000.0,7000.0,7000.0,1.4,0.0,0.0,0.0,
Mexico,Group A,2026-06-04,rs Serbia,W,5.0,1.0,,,,,,A,7000.0,7000.0,7000.0,1.4,0.0,0.0,0.0,
Mexico,Group A,2026-06-11,za South Africa,,,,,,,,,A,7000.0,7000.0,7000.0,1.4,0.0,0.0,0.0,
Mexico,Group A,2026-06-18,kr Korea Republic,,,,,,,,,A,7000.0,7000.0,7000.0,1.4,0.0,0.0,0.0,
Mexico,Group A,2026-06-24,cz Czechia,,,,,,,,,A,7000.0,7000.0,7000.0,1.4,0.0,0.0,0.0,
South Africa,Group A,2023-11-18,bj Benin,W,2.0,1.0,,,,,,A,10000.0,10000.0,10000.0,0.5,0.0,0.0,0.0,
South Africa,Group A,2023-11-21,rw Rwanda,L,0.0,2.0,,,,,,A,10000.0,10000.0,10000.0,0.5,0.0,0.0,0.0,
South Africa,Group A,2024-06-07,ng Nigeria,D,1.0,1.0,,,,,,A,10000.0,10000.0,10000.0,0.5,0.0,0.0,0.0,
South Africa,Group A,2024-06-11,zw Zimbabwe,W,3.0,1.0,,,,,,A,10000.0,10000.0,10000.0,0.5,0.0,0.0,0.0,
South Africa,Group A,2025-03-21,ls Lesotho,L,0.0,3.0,,,,,,A,10000.0,10000.0,10000.0,0.5,0.0,0.0,0.0,
South Africa,Group A,2025-03-25,bj Benin,W,2.0,0.0,,,,,,A,10000.0,10000.0,10000.0,0.5,0.0,0.0,0.0,
South Africa,Group A,2025-09-05,ls Lesotho,W,3.0,0.0,,,,,,A,10000.0,10000.0,10000.0,0.5,0.0,0.0,0.0,
South Africa,Group A,2025-09-09,ng Nigeria,D,1.0,1.0,,,,,,A,10000.0,10000.0,10000.0,0.5,0.0,0.0,0.0,
South Africa,Group A,2025-10-10,zw Zimbabwe,D,0.0,0.0,,,,,,A,10000.0,10000.0,10000.0,0.5,0.0,0.0,0.0,
South Africa,Group A,2025-10-14,rw Rwanda,W,3.0,0.0,,,,,,A,10000.0,10000.0,10000.0,0.5,0.0,0.0,0.0,
South Africa,Group A,2026-03-27,pa Panama,D,1.0,1.0,,,,,,A,10000.0,10000.0,10000.0,0.5,0.0,0.0,0.0,
South Africa,Group A,2026-03-31,pa Panama,L,1.0,2.0,,,,,,A,10000.0,10000.0,10000.0,0.5,0.0,0.0,0.0,
South Africa,Group A,2026-05-29,ni Nicaragua,D,0.0,0.0,,,,,,A,10000.0,10000.0,10000.0,0.5,0.0,0.0,0.0,
South Africa,Group A,2026-06-11,mx Mexico,,,,,,,,,A,10000.0,10000.0,10000.0,0.5,0.0,0.0,0.0,
South Africa,Group A,2026-06-18,cz Czechia,,,,,,,,,A,10000.0,10000.0,10000.0,0.5,0.0,0.0,0.0,
South Africa,Group A,2026-06-24,kr Korea Republic,,,,,,,,,A,10000.0,10000.0,10000.0,0.5,0.0,0.0,0.0,
South Korea,Group A,2023-11-16,sg Singapore,W,5.0,0.0,,,,,,,,,,,,,,
South Korea,Group A,2023-11-21,cn China PR,W,3.0,0.0,,,,,,,,,,,,,,
South Korea,Group A,2024-03-21,th Thailand,D,1.0,1.0,,,,,,,,,,,,,,
South Korea,Group A,2024-03-26,th Thailand,W,3.0,0.0,,,,,,,,,,,,,,
South Korea,Group A,2024-06-06,sg Singapore,W,7.0,0.0,,,,,,,,,,,,,,
South Korea,Group A,2024-06-11,cn China PR,W,1.0,0.0,,,,,,,,,,,,,,
South Korea,Group A,2024-09-05,ps Palestine,D,0.0,0.0,75.0,,,,,,,,,,,,,
South Korea,Group A,2024-09-10,om Oman,W,3.0,1.0,66.0,,,,,,,,,,,,,
South Korea,Group A,2024-10-10,jo Jordan,W,2.0,0.0,75.0,,,,,,,,,,,,,
South Korea,Group A,2024-10-15,iq Iraq,W,3.0,2.0,76.0,,,,,,,,,,,,,
South Korea,Group A,2024-11-14,kw Kuwait,W,3.0,1.0,75.0,,,,,,,,,,,,,
South Korea,Group A,2024-11-19,ps Palestine,D,1.0,1.0,74.0,,,,,,,,,,,,,
South Korea,Group A,2025-03-20,om Oman,D,1.0,1.0,63.0,,,,,,,,,,,,,
South Korea,Group A,2025-03-25,jo Jordan,D,1.0,1.0,75.0,,,,,,,,,,,,,
South Korea,Group A,2025-06-05,iq Iraq,W,2.0,0.0,76.0,,,,,,,,,,,,,
South Korea,Group A,2025-06-10,kw Kuwait,W,4.0,0.0,74.0,,,,,,,,,,,,,
South Korea,Group A,2026-03-28,ci Côte d'Ivoire,L,0.0,4.0,,,,,,,,,,,,,,
South Korea,Group A,2026-03-31,at Austria,L,0.0,1.0,,,,,,,,,,,,,,
South Korea,Group A,2026-05-30,tt Trin & Tobago,W,5.0,0.0,,,,,,,,,,,,,,
South Korea,Group A,2026-06-03,sv El Salvador,W,1.0,0.0,,,,,,,,,,,,,,
South Korea,Group A,2026-06-11,cz Czechia,,,,,,,,,,,,,,,,,
South Korea,Group A,2026-06-18,mx Mexico,,,,,,,,,,,,,,,,,
South Korea,Group A,2026-06-24,za South Africa,,,,,,,,,,,,,,,,,
Czechia,Group A,2025-03-22,fo Faroe Islands,W,2.0,1.0,68.0,,,,,A,10000.0,10000.0,10000.0,0.5,0.0,0.0,0.0,
Czechia,Group A,2025-03-25,gi Gibraltar,W,4.0,0.0,80.0,,,,,A,10000.0,10000.0,10000.0,0.5,0.0,0.0,0.0,
Czechia,Group A,2025-06-06,me Montenegro,W,2.0,0.0,57.0,,,,,A,10000.0,10000.0,10000.0,0.5,0.0,0.0,0.0,
Czechia,Group A,2025-06-09,hr Croatia,L,1.0,5.0,39.0,,,,,A,10000.0,10000.0,10000.0,0.5,0.0,0.0,0.0,
Czechia,Group A,2025-09-05,me Montenegro,W,2.0,0.0,49.0,,,,,A,10000.0,10000.0,10000.0,0.5,0.0,0.0,0.0,
Czechia,Group A,2025-10-09,hr Croatia,D,0.0,0.0,42.0,,,,,A,10000.0,10000.0,10000.0,0.5,0.0,0.0,0.0,
Czechia,Group A,2025-10-12,fo Faroe Islands,L,1.0,2.0,63.0,,,,,A,10000.0,10000.0,10000.0,0.5,0.0,0.0,0.0,
Czechia,Group A,2025-11-17,gi Gibraltar,W,6.0,0.0,73.0,,,,,A,10000.0,10000.0,10000.0,0.5,0.0,0.0,0.0,
Czechia,Group A,2026-03-26,ie Rep. of Ireland,D,,,58.0,,,,,A,10000.0,10000.0,10000.0,0.5,0.0,0.0,0.0,
Czechia,Group A,2026-03-31,dk Denmark,D,,,23.0,,,,,A,10000.0,10000.0,10000.0,0.5,0.0,0.0,0.0,
Czechia,Group A,2026-05-31,xk Kosovo,W,2.0,1.0,,,,,,A,10000.0,10000.0,10000.0,0.5,0.0,0.0,0.0,
Czechia,Group A,2026-06-04,gt Guatemala,W,3.0,1.0,,,,,,A,10000.0,10000.0,10000.0,0.5,0.0,0.0,0.0,
Czechia,Group A,2026-06-11,kr Korea Republic,,,,,,,,,A,10000.0,10000.0,10000.0,0.5,0.0,0.0,0.0,
Czechia,Group A,2026-06-18,za South Africa,,,,,,,,,A,10000.0,10000.0,10000.0,0.5,0.0,0.0,0.0,
Czechia,Group A,2026-06-24,mx Mexico,,,,,,,,,A,10000.0,10000.0,10000.0,0.5,0.0,0.0,0.0,
Canada,Group B,2026-03-28,is Iceland,D,2.0,2.0,,,,,,B,10000.0,10000.0,10000.0,0.5,0.0,0.0,0.0,
Canada,Group B,2026-03-31,tn Tunisia,D,0.0,0.0,,,,,,B,10000.0,10000.0,10000.0,0.5,0.0,0.0,0.0,
Canada,Group B,2026-06-01,uz Uzbekistan,W,2.0,0.0,,,,,,B,10000.0,10000.0,10000.0,0.5,0.0,0.0,0.0,
Canada,Group B,2026-06-05,ie Rep. of Ireland,D,1.0,1.0,,,,,,B,10000.0,10000.0,10000.0,0.5,0.0,0.0,0.0,
Canada,Group B,2026-06-12,ba Bosnia-Herzegovina,,,,,,,,,B,10000.0,10000.0,10000.0,0.5,0.0,0.0,0.0,
Canada,Group B,2026-06-18,qa Qatar,,,,,,,,,B,10000.0,10000.0,10000.0,0.5,0.0,0.0,0.0,
Canada,Group B,2026-06-24,ch Switzerland,,,,,,,,,B,10000.0,10000.0,10000.0,0.5,0.0,0.0,0.0,
Bosnia & Herzegovina,Group B,2025-03-21,ro Romania,W,1.0,0.0,34.0,,,,,,,,,,,,,
Bosnia & Herzegovina,Group B,2025-03-24,cy Cyprus,W,2.0,1.0,56.0,,,,,,,,,,,,,
Bosnia & Herzegovina,Group B,2025-06-07,sm San Marino,W,1.0,0.0,67.0,,,,,,,,,,,,,
Bosnia & Herzegovina,Group B,2025-09-06,sm San Marino,W,6.0,0.0,73.0,,,,,,,,,,,,,
Bosnia & Herzegovina,Group B,2025-09-09,at Austria,L,1.0,2.0,42.0,,,,,,,,,,,,,
Bosnia & Herzegovina,Group B,2025-10-09,cy Cyprus,D,2.0,2.0,35.0,,,,,,,,,,,,,
Bosnia & Herzegovina,Group B,2025-11-15,ro Romania,W,3.0,1.0,59.0,,,,,,,,,,,,,
Bosnia & Herzegovina,Group B,2025-11-18,at Austria,D,1.0,1.0,30.0,,,,,,,,,,,,,
Bosnia & Herzegovina,Group B,2026-03-26,wls Wales,D,,,38.0,,,,,,,,,,,,,
Bosnia & Herzegovina,Group B,2026-03-31,it Italy,D,,,65.0,,,,,,,,,,,,,
Bosnia & Herzegovina,Group B,2026-05-29,mk N. Macedonia,D,0.0,0.0,,,,,,,,,,,,,,
Bosnia & Herzegovina,Group B,2026-06-06,pa Panama,D,1.0,1.0,,,,,,,,,,,,,,
Bosnia & Herzegovina,Group B,2026-06-12,ca Canada,,,,,,,,,,,,,,,,,
Bosnia & Herzegovina,Group B,2026-06-18,ch Switzerland,,,,,,,,,,,,,,,,,
Bosnia & Herzegovina,Group B,2026-06-24,qa Qatar,,,,,,,,,,,,,,,,,
Qatar,Group B,2023-11-16,af Afghanistan,W,8.0,1.0,,,,,,B,10000.0,10000.0,10000.0,0.5,0.0,0.0,0.0,
Qatar,Group B,2023-11-21,in India,W,3.0,0.0,,,,,,B,10000.0,10000.0,10000.0,0.5,0.0,0.0,0.0,
Qatar,Group B,2024-03-21,kw Kuwait,W,3.0,0.0,,,,,,B,10000.0,10000.0,10000.0,0.5,0.0,0.0,0.0,
Qatar,Group B,2024-03-26,kw Kuwait,W,2.0,1.0,,,,,,B,10000.0,10000.0,10000.0,0.5,0.0,0.0,0.0,
Qatar,Group B,2024-06-06,af Afghanistan,D,0.0,0.0,,,,,,B,10000.0,10000.0,10000.0,0.5,0.0,0.0,0.0,
Qatar,Group B,2024-06-11,in India,W,2.0,1.0,,,,,,B,10000.0,10000.0,10000.0,0.5,0.0,0.0,0.0,
Qatar,Group B,2024-09-05,ae UAE,L,1.0,3.0,69.0,,,,,B,10000.0,10000.0,10000.0,0.5,0.0,0.0,0.0,
Qatar,Group B,2024-09-10,kp Korea DPR,D,2.0,2.0,73.0,,,,,B,10000.0,10000.0,10000.0,0.5,0.0,0.0,0.0,
Qatar,Group B,2024-10-10,kg Kyrgyz Republic,W,3.0,1.0,63.0,,,,,B,10000.0,10000.0,10000.0,0.5,0.0,0.0,0.0,
Qatar,Group B,2024-10-15,ir IR Iran,L,1.0,4.0,54.0,,,,,B,10000.0,10000.0,10000.0,0.5,0.0,0.0,0.0,
Qatar,Group B,2024-11-14,uz Uzbekistan,W,3.0,2.0,46.0,,,,,B,10000.0,10000.0,10000.0,0.5,0.0,0.0,0.0,
Qatar,Group B,2024-11-19,ae UAE,L,0.0,5.0,68.0,,,,,B,10000.0,10000.0,10000.0,0.5,0.0,0.0,0.0,
Qatar,Group B,2025-03-20,kp Korea DPR,W,5.0,1.0,53.0,,,,,B,10000.0,10000.0,10000.0,0.5,0.0,0.0,0.0,
Qatar,Group B,2025-03-25,kg Kyrgyz Republic,L,1.0,3.0,55.0,,,,,B,10000.0,10000.0,10000.0,0.5,0.0,0.0,0.0,
Qatar,Group B,2025-06-05,ir IR Iran,W,1.0,0.0,52.0,,,,,B,10000.0,10000.0,10000.0,0.5,0.0,0.0,0.0,
Qatar,Group B,2025-06-10,uz Uzbekistan,L,0.0,3.0,39.0,,,,,B,10000.0,10000.0,10000.0,0.5,0.0,0.0,0.0,
Qatar,Group B,2025-10-08,om Oman,D,0.0,0.0,70.0,,,,,B,10000.0,10000.0,10000.0,0.5,0.0,0.0,0.0,
Qatar,Group B,2025-10-14,ae UAE,W,2.0,1.0,41.0,,,,,B,10000.0,10000.0,10000.0,0.5,0.0,0.0,0.0,
Qatar,Group B,2026-05-28,ie Rep. of Ireland,L,0.0,1.0,,,,,,B,10000.0,10000.0,10000.0,0.5,0.0,0.0,0.0,
Qatar,Group B,2026-06-06,sv El Salvador,D,0.0,0.0,,,,,,B,10000.0,10000.0,10000.0,0.5,0.0,0.0,0.0,
Qatar,Group B,2026-06-13,ch Switzerland,,,,,,,,,B,10000.0,10000.0,10000.0,0.5,0.0,0.0,0.0,
Qatar,Group B,2026-06-18,ca Canada,,,,,,,,,B,10000.0,10000.0,10000.0,0.5,0.0,0.0,0.0,
Qatar,Group B,2026-06-24,ba Bosnia-Herzegovina,,,,,,,,,B,10000.0,10000.0,10000.0,0.5,0.0,0.0,0.0,
Switzerland,Group B,2025-09-05,xk Kosovo,W,4.0,0.0,63.0,,,,,B,10000.0,10000.0,10000.0,0.5,0.0,0.0,0.0,
Switzerland,Group B,2025-09-08,si Slovenia,W,3.0,0.0,65.0,,,,,B,10000.0,10000.0,10000.0,0.5,0.0,0.0,0.0,
Switzerland,Group B,2025-10-10,se Sweden,W,2.0,0.0,60.0,,,,,B,10000.0,10000.0,10000.0,0.5,0.0,0.0,0.0,
Switzerland,Group B,2025-10-13,si Slovenia,D,0.0,0.0,65.0,,,,,B,10000.0,10000.0,10000.0,0.5,0.0,0.0,0.0,
Switzerland,Group B,2025-11-15,se Sweden,W,4.0,1.0,59.0,,,,,B,10000.0,10000.0,10000.0,0.5,0.0,0.0,0.0,
Switzerland,Group B,2025-11-18,xk Kosovo,D,1.0,1.0,53.0,,,,,B,10000.0,10000.0,10000.0,0.5,0.0,0.0,0.0,
Switzerland,Group B,2026-03-27,de Germany,L,3.0,4.0,,,,,,B,10000.0,10000.0,10000.0,0.5,0.0,0.0,0.0,
Switzerland,Group B,2026-03-31,no Norway,D,0.0,0.0,,,,,,B,10000.0,10000.0,10000.0,0.5,0.0,0.0,0.0,
Switzerland,Group B,2026-05-31,jo Jordan,W,4.0,1.0,,,,,,B,10000.0,10000.0,10000.0,0.5,0.0,0.0,0.0,
Switzerland,Group B,2026-06-06,au Australia,D,1.0,1.0,,,,,,B,10000.0,10000.0,10000.0,0.5,0.0,0.0,0.0,
Switzerland,Group B,2026-06-13,qa Qatar,,,,,,,,,B,10000.0,10000.0,10000.0,0.5,0.0,0.0,0.0,
Switzerland,Group B,2026-06-18,ba Bosnia-Herzegovina,,,,,,,,,B,10000.0,10000.0,10000.0,0.5,0.0,0.0,0.0,
Switzerland,Group B,2026-06-24,ca Canada,,,,,,,,,B,10000.0,10000.0,10000.0,0.5,0.0,0.0,0.0,
Brazil,Group C,2023-09-08,bo Bolivia,W,5.0,1.0,80.0,,,,,C,800.0,800.0,850.0,10.5,5.0,8.0,11.0,2002.0
Brazil,Group C,2023-09-12,pe Peru,W,1.0,0.0,62.0,,,,,C,800.0,800.0,850.0,10.5,5.0,8.0,11.0,2002.0
Brazil,Group C,2023-10-12,ve Venezuela,D,1.0,1.0,70.0,,,,,C,800.0,800.0,850.0,10.5,5.0,8.0,11.0,2002.0
Brazil,Group C,2023-10-17,uy Uruguay,L,0.0,2.0,61.0,,,,,C,800.0,800.0,850.0,10.5,5.0,8.0,11.0,2002.0
Brazil,Group C,2023-11-16,co Colombia,L,1.0,2.0,60.0,,,,,C,800.0,800.0,850.0,10.5,5.0,8.0,11.0,2002.0
Brazil,Group C,2023-11-21,ar Argentina,L,0.0,1.0,50.0,,,,,C,800.0,800.0,850.0,10.5,5.0,8.0,11.0,2002.0
Brazil,Group C,2024-09-06,ec Ecuador,W,1.0,0.0,57.0,,,,,C,800.0,800.0,850.0,10.5,5.0,8.0,11.0,2002.0
Brazil,Group C,2024-09-10,py Paraguay,L,0.0,1.0,71.0,,,,,C,800.0,800.0,850.0,10.5,5.0,8.0,11.0,2002.0
Brazil,Group C,2024-10-10,cl Chile,W,2.0,1.0,72.0,,,,,C,800.0,800.0,850.0,10.5,5.0,8.0,11.0,2002.0
Brazil,Group C,2024-10-15,pe Peru,W,4.0,0.0,68.0,,,,,C,800.0,800.0,850.0,10.5,5.0,8.0,11.0,2002.0
Brazil,Group C,2024-11-14,ve Venezuela,D,1.0,1.0,67.0,,,,,C,800.0,800.0,850.0,10.5,5.0,8.0,11.0,2002.0
Brazil,Group C,2024-11-19,uy Uruguay,D,1.0,1.0,62.0,,,,,C,800.0,800.0,850.0,10.5,5.0,8.0,11.0,2002.0
Brazil,Group C,2025-03-20,co Colombia,W,2.0,1.0,52.0,,,,,C,800.0,800.0,850.0,10.5,5.0,8.0,11.0,2002.0
Brazil,Group C,2025-03-25,ar Argentina,L,1.0,4.0,44.0,,,,,C,800.0,800.0,850.0,10.5,5.0,8.0,11.0,2002.0
Brazil,Group C,2025-06-05,ec Ecuador,D,0.0,0.0,48.0,,,,,C,800.0,800.0,850.0,10.5,5.0,8.0,11.0,2002.0
Brazil,Group C,2025-06-10,py Paraguay,W,1.0,0.0,73.0,,,,,C,800.0,800.0,850.0,10.5,5.0,8.0,11.0,2002.0
Brazil,Group C,2025-09-04,cl Chile,W,3.0,0.0,64.0,,,,,C,800.0,800.0,850.0,10.5,5.0,8.0,11.0,2002.0
Brazil,Group C,2025-09-09,bo Bolivia,L,0.0,1.0,58.0,,,,,C,800.0,800.0,850.0,10.5,5.0,8.0,11.0,2002.0
Brazil,Group C,2026-03-26,fr France,L,1.0,2.0,,,,,,C,800.0,800.0,850.0,10.5,5.0,8.0,11.0,2002.0
Brazil,Group C,2026-03-31,hr Croatia,W,3.0,1.0,,,,,,C,800.0,800.0,850.0,10.5,5.0,8.0,11.0,2002.0
Brazil,Group C,2026-05-31,pa Panama,W,6.0,2.0,,,,,,C,800.0,800.0,850.0,10.5,5.0,8.0,11.0,2002.0
Brazil,Group C,2026-06-06,eg Egypt,W,2.0,1.0,,,,,,C,800.0,800.0,850.0,10.5,5.0,8.0,11.0,2002.0
Brazil,Group C,2026-06-13,ma Morocco,,,,,,,,,C,800.0,800.0,850.0,10.5,5.0,8.0,11.0,2002.0
Brazil,Group C,2026-06-19,ht Haiti,,,,,,,,,C,800.0,800.0,850.0,10.5,5.0,8.0,11.0,2002.0
Brazil,Group C,2026-06-24,sct Scotland,,,,,,,,,C,800.0,800.0,850.0,10.5,5.0,8.0,11.0,2002.0
Morocco,Group C,2023-11-16,er Eritrea,,,,,,,,,C,7500.0,8000.0,7500.0,1.3,0.0,0.0,0.0,
Morocco,Group C,2023-11-21,tz Tanzania,W,2.0,0.0,,,,,,C,7500.0,8000.0,7500.0,1.3,0.0,0.0,0.0,
Morocco,Group C,2024-06-07,zm Zambia,W,2.0,1.0,,,,,,C,7500.0,8000.0,7500.0,1.3,0.0,0.0,0.0,
Morocco,Group C,2024-06-11,cg Congo,W,6.0,0.0,,,,,,C,7500.0,8000.0,7500.0,1.3,0.0,0.0,0.0,
Morocco,Group C,2025-03-21,ne Niger,W,2.0,1.0,,,,,,C,7500.0,8000.0,7500.0,1.3,0.0,0.0,0.0,
Morocco,Group C,2025-03-25,tz Tanzania,W,2.0,0.0,,,,,,C,7500.0,8000.0,7500.0,1.3,0.0,0.0,0.0,
Morocco,Group C,2025-09-05,ne Niger,W,5.0,0.0,,,,,,C,7500.0,8000.0,7500.0,1.3,0.0,0.0,0.0,
Morocco,Group C,2025-09-08,zm Zambia,W,2.0,0.0,,,,,,C,7500.0,8000.0,7500.0,1.3,0.0,0.0,0.0,
Morocco,Group C,2025-10-08,er Eritrea,,,,,,,,,C,7500.0,8000.0,7500.0,1.3,0.0,0.0,0.0,
Morocco,Group C,2025-10-14,cg Congo,W,1.0,0.0,,,,,,C,7500.0,8000.0,7500.0,1.3,0.0,0.0,0.0,
Morocco,Group C,2026-03-27,ec Ecuador,D,1.0,1.0,,,,,,C,7500.0,8000.0,7500.0,1.3,0.0,0.0,0.0,
Morocco,Group C,2026-03-31,py Paraguay,W,2.0,1.0,,,,,,C,7500.0,8000.0,7500.0,1.3,0.0,0.0,0.0,
Morocco,Group C,2026-06-02,mg Madagascar,W,4.0,0.0,,,,,,C,7500.0,8000.0,7500.0,1.3,0.0,0.0,0.0,
Morocco,Group C,2026-06-07,no Norway,D,1.0,1.0,,,,,,C,7500.0,8000.0,7500.0,1.3,0.0,0.0,0.0,
Morocco,Group C,2026-06-13,br Brazil,,,,,,,,,C,7500.0,8000.0,7500.0,1.3,0.0,0.0,0.0,
Morocco,Group C,2026-06-19,sct Scotland,,,,,,,,,C,7500.0,8000.0,7500.0,1.3,0.0,0.0,0.0,
Morocco,Group C,2026-06-24,ht Haiti,,,,,,,,,C,7500.0,8000.0,7500.0,1.3,0.0,0.0,0.0,
Haiti,Group C,2024-06-06,lc St. Lucia,W,2.0,1.0,,,,,,C,10000.0,10000.0,10000.0,0.5,0.0,0.0,0.0,
Haiti,Group C,2024-06-09,bb Barbados,W,3.0,1.0,,,,,,C,10000.0,10000.0,10000.0,0.5,0.0,0.0,0.0,
Haiti,Group C,2025-06-07,aw Aruba,W,5.0,0.0,,,,,,C,10000.0,10000.0,10000.0,0.5,0.0,0.0,0.0,
Haiti,Group C,2025-06-11,cw Curaçao,L,1.0,5.0,,,,,,C,10000.0,10000.0,10000.0,0.5,0.0,0.0,0.0,
Haiti,Group C,2025-09-05,hn Honduras,D,0.0,0.0,,,,,,C,10000.0,10000.0,10000.0,0.5,0.0,0.0,0.0,
Haiti,Group C,2025-09-09,cr Costa Rica,D,3.0,3.0,,,,,,C,10000.0,10000.0,10000.0,0.5,0.0,0.0,0.0,
Haiti,Group C,2025-10-09,ni Nicaragua,W,3.0,0.0,,,,,,C,10000.0,10000.0,10000.0,0.5,0.0,0.0,0.0,
Haiti,Group C,2025-10-13,hn Honduras,L,0.0,3.0,,,,,,C,10000.0,10000.0,10000.0,0.5,0.0,0.0,0.0,
Haiti,Group C,2025-11-13,cr Costa Rica,W,1.0,0.0,,,,,,C,10000.0,10000.0,10000.0,0.5,0.0,0.0,0.0,
Haiti,Group C,2025-11-18,ni Nicaragua,W,2.0,0.0,,,,,,C,10000.0,10000.0,10000.0,0.5,0.0,0.0,0.0,
Haiti,Group C,2026-03-28,tn Tunisia,L,0.0,1.0,,,,,,C,10000.0,10000.0,10000.0,0.5,0.0,0.0,0.0,
Haiti,Group C,2026-03-31,is Iceland,D,1.0,1.0,,,,,,C,10000.0,10000.0,10000.0,0.5,0.0,0.0,0.0,
Haiti,Group C,2026-06-02,nz New Zealand,W,4.0,0.0,,,,,,C,10000.0,10000.0,10000.0,0.5,0.0,0.0,0.0,
Haiti,Group C,2026-06-05,pe Peru,L,1.0,2.0,,,,,,C,10000.0,10000.0,10000.0,0.5,0.0,0.0,0.0,
Haiti,Group C,2026-06-13,sct Scotland,,,,,,,,,C,10000.0,10000.0,10000.0,0.5,0.0,0.0,0.0,
Haiti,Group C,2026-06-19,br Brazil,,,,,,,,,C,10000.0,10000.0,10000.0,0.5,0.0,0.0,0.0,
Haiti,Group C,2026-06-24,ma Morocco,,,,,,,,,C,10000.0,10000.0,10000.0,0.5,0.0,0.0,0.0,
Scotland,Group C,2025-09-05,dk Denmark,D,0.0,0.0,27.0,,,,,C,10000.0,10000.0,10000.0,0.5,0.0,0.0,0.0,
Scotland,Group C,2025-09-08,by Belarus,W,2.0,0.0,73.0,,,,,C,10000.0,10000.0,10000.0,0.5,0.0,0.0,0.0,
Scotland,Group C,2025-10-09,gr Greece,W,3.0,1.0,33.0,,,,,C,10000.0,10000.0,10000.0,0.5,0.0,0.0,0.0,
Scotland,Group C,2025-10-12,by Belarus,W,2.0,1.0,55.0,,,,,C,10000.0,10000.0,10000.0,0.5,0.0,0.0,0.0,
Scotland,Group C,2025-11-15,gr Greece,L,2.0,3.0,51.0,,,,,C,10000.0,10000.0,10000.0,0.5,0.0,0.0,0.0,
Scotland,Group C,2025-11-18,dk Denmark,W,4.0,2.0,30.0,,,,,C,10000.0,10000.0,10000.0,0.5,0.0,0.0,0.0,
Scotland,Group C,2026-03-28,jp Japan,L,0.0,1.0,,,,,,C,10000.0,10000.0,10000.0,0.5,0.0,0.0,0.0,
Scotland,Group C,2026-03-31,ci Côte d'Ivoire,L,0.0,1.0,,,,,,C,10000.0,10000.0,10000.0,0.5,0.0,0.0,0.0,
Scotland,Group C,2026-05-30,cw Curaçao,W,4.0,1.0,,,,,,C,10000.0,10000.0,10000.0,0.5,0.0,0.0,0.0,
Scotland,Group C,2026-06-06,bo Bolivia,W,4.0,0.0,,,,,,C,10000.0,10000.0,10000.0,0.5,0.0,0.0,0.0,
Scotland,Group C,2026-06-13,ht Haiti,,,,,,,,,C,10000.0,10000.0,10000.0,0.5,0.0,0.0,0.0,
Scotland,Group C,2026-06-19,ma Morocco,,,,,,,,,C,10000.0,10000.0,10000.0,0.5,0.0,0.0,0.0,
Scotland,Group C,2026-06-24,br Brazil,,,,,,,,,C,10000.0,10000.0,10000.0,0.5,0.0,0.0,0.0,
United States,Group D,2026-03-28,be Belgium,L,2.0,5.0,,,,,,D,6000.0,7000.0,6500.0,1.5,0.0,0.0,0.0,
United States,Group D,2026-03-31,pt Portugal,L,0.0,2.0,,,,,,D,6000.0,7000.0,6500.0,1.5,0.0,0.0,0.0,
United States,Group D,2026-05-31,sn Senegal,W,3.0,2.0,,,,,,D,6000.0,7000.0,6500.0,1.5,0.0,0.0,0.0,
United States,Group D,2026-06-06,de Germany,L,1.0,2.0,,,,,,D,6000.0,7000.0,6500.0,1.5,0.0,0.0,0.0,
United States,Group D,2026-06-12,py Paraguay,,,,,,,,,D,6000.0,7000.0,6500.0,1.5,0.0,0.0,0.0,
United States,Group D,2026-06-19,au Australia,,,,,,,,,D,6000.0,7000.0,6500.0,1.5,0.0,0.0,0.0,
United States,Group D,2026-06-25,tr Türkiye,,,,,,,,,D,6000.0,7000.0,6500.0,1.5,0.0,0.0,0.0,
Paraguay,Group D,2023-09-07,pe Peru,D,0.0,0.0,60.0,,,,,D,10000.0,10000.0,10000.0,0.5,0.0,0.0,0.0,
Paraguay,Group D,2023-09-12,ve Venezuela,L,0.0,1.0,46.0,,,,,D,10000.0,10000.0,10000.0,0.5,0.0,0.0,0.0,
Paraguay,Group D,2023-10-12,ar Argentina,L,0.0,1.0,25.0,,,,,D,10000.0,10000.0,10000.0,0.5,0.0,0.0,0.0,
Paraguay,Group D,2023-10-17,bo Bolivia,W,1.0,0.0,62.0,,,,,D,10000.0,10000.0,10000.0,0.5,0.0,0.0,0.0,
Paraguay,Group D,2023-11-16,cl Chile,D,0.0,0.0,29.0,,,,,D,10000.0,10000.0,10000.0,0.5,0.0,0.0,0.0,
Paraguay,Group D,2023-11-21,co Colombia,L,0.0,1.0,41.0,,,,,D,10000.0,10000.0,10000.0,0.5,0.0,0.0,0.0,
Paraguay,Group D,2024-09-06,uy Uruguay,D,0.0,0.0,35.0,,,,,D,10000.0,10000.0,10000.0,0.5,0.0,0.0,0.0,
Paraguay,Group D,2024-09-10,br Brazil,W,1.0,0.0,29.0,,,,,D,10000.0,10000.0,10000.0,0.5,0.0,0.0,0.0,
Paraguay,Group D,2024-10-10,ec Ecuador,D,0.0,0.0,23.0,,,,,D,10000.0,10000.0,10000.0,0.5,0.0,0.0,0.0,
Paraguay,Group D,2024-10-15,ve Venezuela,W,2.0,1.0,61.0,,,,,D,10000.0,10000.0,10000.0,0.5,0.0,0.0,0.0,
Paraguay,Group D,2024-11-14,ar Argentina,W,2.0,1.0,23.0,,,,,D,10000.0,10000.0,10000.0,0.5,0.0,0.0,0.0,
Paraguay,Group D,2024-11-19,bo Bolivia,D,2.0,2.0,35.0,,,,,D,10000.0,10000.0,10000.0,0.5,0.0,0.0,0.0,
Paraguay,Group D,2025-03-20,cl Chile,W,1.0,0.0,36.0,,,,,D,10000.0,10000.0,10000.0,0.5,0.0,0.0,0.0,
Paraguay,Group D,2025-03-25,co Colombia,D,2.0,2.0,39.0,,,,,D,10000.0,10000.0,10000.0,0.5,0.0,0.0,0.0,
Paraguay,Group D,2025-06-05,uy Uruguay,W,2.0,0.0,29.0,,,,,D,10000.0,10000.0,10000.0,0.5,0.0,0.0,0.0,
Paraguay,Group D,2025-06-10,br Brazil,L,0.0,1.0,27.0,,,,,D,10000.0,10000.0,10000.0,0.5,0.0,0.0,0.0,
Paraguay,Group D,2025-09-04,ec Ecuador,D,0.0,0.0,38.0,,,,,D,10000.0,10000.0,10000.0,0.5,0.0,0.0,0.0,
Paraguay,Group D,2025-09-09,pe Peru,W,1.0,0.0,46.0,,,,,D,10000.0,10000.0,10000.0,0.5,0.0,0.0,0.0,
Paraguay,Group D,2026-03-27,gr Greece,W,1.0,0.0,,,,,,D,10000.0,10000.0,10000.0,0.5,0.0,0.0,0.0,
Paraguay,Group D,2026-03-31,ma Morocco,L,1.0,2.0,,,,,,D,10000.0,10000.0,10000.0,0.5,0.0,0.0,0.0,
Paraguay,Group D,2026-06-05,ni Nicaragua,W,4.0,0.0,,,,,,D,10000.0,10000.0,10000.0,0.5,0.0,0.0,0.0,
Paraguay,Group D,2026-06-12,us United States,,,,,,,,,D,10000.0,10000.0,10000.0,0.5,0.0,0.0,0.0,
Paraguay,Group D,2026-06-19,tr Türkiye,,,,,,,,,D,10000.0,10000.0,10000.0,0.5,0.0,0.0,0.0,
Paraguay,Group D,2026-06-25,au Australia,,,,,,,,,D,10000.0,10000.0,10000.0,0.5,0.0,0.0,0.0,
Australia,Group D,2023-11-16,bd Bangladesh,W,7.0,0.0,,,,,,D,10000.0,10000.0,10000.0,0.5,0.0,0.0,0.0,
Australia,Group D,2023-11-21,ps Palestine,W,1.0,0.0,,,,,,D,10000.0,10000.0,10000.0,0.5,0.0,0.0,0.0,
Australia,Group D,2024-03-21,lb Lebanon,W,2.0,0.0,,,,,,D,10000.0,10000.0,10000.0,0.5,0.0,0.0,0.0,
Australia,Group D,2024-03-26,lb Lebanon,W,5.0,0.0,,,,,,D,10000.0,10000.0,10000.0,0.5,0.0,0.0,0.0,
Australia,Group D,2024-06-06,bd Bangladesh,W,2.0,0.0,,,,,,D,10000.0,10000.0,10000.0,0.5,0.0,0.0,0.0,
Australia,Group D,2024-06-11,ps Palestine,W,5.0,0.0,,,,,,D,10000.0,10000.0,10000.0,0.5,0.0,0.0,0.0,
Australia,Group D,2024-09-05,bh Bahrain,L,0.0,1.0,71.0,,,,,D,10000.0,10000.0,10000.0,0.5,0.0,0.0,0.0,
Australia,Group D,2024-09-10,id Indonesia,D,0.0,0.0,63.0,,,,,D,10000.0,10000.0,10000.0,0.5,0.0,0.0,0.0,
Australia,Group D,2024-10-10,cn China PR,W,3.0,1.0,73.0,,,,,D,10000.0,10000.0,10000.0,0.5,0.0,0.0,0.0,
Australia,Group D,2024-10-15,jp Japan,D,1.0,1.0,35.0,,,,,D,10000.0,10000.0,10000.0,0.5,0.0,0.0,0.0,
Australia,Group D,2024-11-14,sa Saudi Arabia,D,0.0,0.0,42.0,,,,,D,10000.0,10000.0,10000.0,0.5,0.0,0.0,0.0,
Australia,Group D,2024-11-19,bh Bahrain,D,2.0,2.0,59.0,,,,,D,10000.0,10000.0,10000.0,0.5,0.0,0.0,0.0,
Australia,Group D,2025-03-20,id Indonesia,W,5.0,1.0,40.0,,,,,D,10000.0,10000.0,10000.0,0.5,0.0,0.0,0.0,
Australia,Group D,2025-03-25,cn China PR,W,2.0,0.0,51.0,,,,,D,10000.0,10000.0,10000.0,0.5,0.0,0.0,0.0,
Australia,Group D,2025-06-05,jp Japan,W,1.0,0.0,31.0,,,,,D,10000.0,10000.0,10000.0,0.5,0.0,0.0,0.0,
Australia,Group D,2025-06-10,sa Saudi Arabia,W,2.0,1.0,30.0,,,,,D,10000.0,10000.0,10000.0,0.5,0.0,0.0,0.0,
Australia,Group D,2026-05-30,mx Mexico,L,0.0,1.0,,,,,,D,10000.0,10000.0,10000.0,0.5,0.0,0.0,0.0,
Australia,Group D,2026-06-06,ch Switzerland,D,1.0,1.0,,,,,,D,10000.0,10000.0,10000.0,0.5,0.0,0.0,0.0,
Australia,Group D,2026-06-13,tr Türkiye,,,,,,,,,D,10000.0,10000.0,10000.0,0.5,0.0,0.0,0.0,
Australia,Group D,2026-06-19,us United States,,,,,,,,,D,10000.0,10000.0,10000.0,0.5,0.0,0.0,0.0,
Australia,Group D,2026-06-25,py Paraguay,,,,,,,,,D,10000.0,10000.0,10000.0,0.5,0.0,0.0,0.0,
Turkey,Group D,2025-09-04,ge Georgia,W,3.0,2.0,46.0,,,,,,,,,,,,,
Turkey,Group D,2025-09-07,es Spain,L,0.0,6.0,50.0,,,,,,,,,,,,,
Turkey,Group D,2025-10-11,bg Bulgaria,W,6.0,1.0,78.0,,,,,,,,,,,,,
Turkey,Group D,2025-10-14,ge Georgia,W,4.0,1.0,45.0,,,,,,,,,,,,,
Turkey,Group D,2025-11-15,bg Bulgaria,W,2.0,0.0,67.0,,,,,,,,,,,,,
Turkey,Group D,2025-11-18,es Spain,D,2.0,2.0,27.0,,,,,,,,,,,,,
Turkey,Group D,2026-03-26,ro Romania,W,1.0,0.0,68.0,,,,,,,,,,,,,
Turkey,Group D,2026-03-31,xk Kosovo,W,1.0,0.0,57.0,,,,,,,,,,,,,
Turkey,Group D,2026-06-01,mk N. Macedonia,W,4.0,0.0,,,,,,,,,,,,,,
Turkey,Group D,2026-06-06,ve Venezuela,W,2.0,1.0,,,,,,,,,,,,,,
Turkey,Group D,2026-06-13,au Australia,,,,,,,,,,,,,,,,,
Turkey,Group D,2026-06-19,py Paraguay,,,,,,,,,,,,,,,,,
Turkey,Group D,2026-06-25,us United States,,,,,,,,,,,,,,,,,
Germany,Group E,2025-09-04,sk Slovakia,L,0.0,2.0,70.0,,,,,E,1400.0,1200.0,1400.0,6.7,4.0,8.0,13.0,2014.0
Germany,Group E,2025-09-07,nir Northern Ireland,W,3.0,1.0,80.0,,,,,E,1400.0,1200.0,1400.0,6.7,4.0,8.0,13.0,2014.0
Germany,Group E,2025-10-10,lu Luxembourg,W,4.0,0.0,84.0,,,,,E,1400.0,1200.0,1400.0,6.7,4.0,8.0,13.0,2014.0
Germany,Group E,2025-10-13,nir Northern Ireland,W,1.0,0.0,68.0,,,,,E,1400.0,1200.0,1400.0,6.7,4.0,8.0,13.0,2014.0
Germany,Group E,2025-11-14,lu Luxembourg,W,2.0,0.0,65.0,,,,,E,1400.0,1200.0,1400.0,6.7,4.0,8.0,13.0,2014.0
Germany,Group E,2025-11-17,sk Slovakia,W,6.0,0.0,72.0,,,,,E,1400.0,1200.0,1400.0,6.7,4.0,8.0,13.0,2014.0
Germany,Group E,2026-03-27,ch Switzerland,W,4.0,3.0,,,,,,E,1400.0,1200.0,1400.0,6.7,4.0,8.0,13.0,2014.0
Germany,Group E,2026-03-30,gh Ghana,W,2.0,1.0,,,,,,E,1400.0,1200.0,1400.0,6.7,4.0,8.0,13.0,2014.0
Germany,Group E,2026-05-31,fi Finland,W,4.0,0.0,,,,,,E,1400.0,1200.0,1400.0,6.7,4.0,8.0,13.0,2014.0
Germany,Group E,2026-06-06,us United States,W,2.0,1.0,,,,,,E,1400.0,1200.0,1400.0,6.7,4.0,8.0,13.0,2014.0
Germany,Group E,2026-06-14,cw Curaçao,,,,,,,,,E,1400.0,1200.0,1400.0,6.7,4.0,8.0,13.0,2014.0
Germany,Group E,2026-06-20,ci Côte d'Ivoire,,,,,,,,,E,1400.0,1200.0,1400.0,6.7,4.0,8.0,13.0,2014.0
Germany,Group E,2026-06-25,ec Ecuador,,,,,,,,,E,1400.0,1200.0,1400.0,6.7,4.0,8.0,13.0,2014.0
Curaçao,Group E,2024-06-06,bb Barbados,W,4.0,1.0,,,,,,,,,,,,,,
Curaçao,Group E,2024-06-08,aw Aruba,W,2.0,0.0,,,,,,,,,,,,,,
Curaçao,Group E,2025-06-06,lc St. Lucia,W,4.0,0.0,,,,,,,,,,,,,,
Curaçao,Group E,2025-06-11,ht Haiti,W,5.0,1.0,,,,,,,,,,,,,,
Curaçao,Group E,2025-09-05,tt Trin & Tobago,D,0.0,0.0,,,,,,,,,,,,,,
Curaçao,Group E,2025-09-09,bm Bermuda,W,3.0,2.0,,,,,,,,,,,,,,
Curaçao,Group E,2025-10-10,jm Jamaica,W,2.0,0.0,,,,,,,,,,,,,,
Curaçao,Group E,2025-10-14,tt Trin & Tobago,D,1.0,1.0,,,,,,,,,,,,,,
Curaçao,Group E,2025-11-13,bm Bermuda,W,7.0,0.0,,,,,,,,,,,,,,
Curaçao,Group E,2025-11-18,jm Jamaica,D,0.0,0.0,,,,,,,,,,,,,,
Curaçao,Group E,2026-05-30,sct Scotland,L,1.0,4.0,,,,,,,,,,,,,,
Curaçao,Group E,2026-06-06,aw Aruba,W,4.0,0.0,,,,,,,,,,,,,,
Curaçao,Group E,2026-06-14,de Germany,,,,,,,,,,,,,,,,,
Curaçao,Group E,2026-06-20,ec Ecuador,,,,,,,,,,,,,,,,,
Curaçao,Group E,2026-06-25,ci Côte d'Ivoire,,,,,,,,,,,,,,,,,
Ivory Coast,Group E,2023-11-17,sc Seychelles,W,9.0,0.0,,,,,,,,,,,,,,
Ivory Coast,Group E,2023-11-20,gm Gambia,W,2.0,0.0,,,,,,,,,,,,,,
Ivory Coast,Group E,2024-06-07,ga Gabon,W,1.0,0.0,,,,,,,,,,,,,,
Ivory Coast,Group E,2024-06-11,ke Kenya,D,0.0,0.0,,,,,,,,,,,,,,
Ivory Coast,Group E,2025-03-21,bi Burundi,W,1.0,0.0,,,,,,,,,,,,,,
Ivory Coast,Group E,2025-03-24,gm Gambia,W,1.0,0.0,,,,,,,,,,,,,,
Ivory Coast,Group E,2025-09-05,bi Burundi,W,1.0,0.0,,,,,,,,,,,,,,
Ivory Coast,Group E,2025-09-09,ga Gabon,D,0.0,0.0,,,,,,,,,,,,,,
Ivory Coast,Group E,2025-10-10,sc Seychelles,W,7.0,0.0,,,,,,,,,,,,,,
Ivory Coast,Group E,2025-10-14,ke Kenya,W,3.0,0.0,,,,,,,,,,,,,,
Ivory Coast,Group E,2026-03-28,kr Korea Republic,W,4.0,0.0,,,,,,,,,,,,,,
Ivory Coast,Group E,2026-03-31,sct Scotland,W,1.0,0.0,,,,,,,,,,,,,,
Ivory Coast,Group E,2026-06-04,fr France,W,2.0,1.0,,,,,,,,,,,,,,
Ivory Coast,Group E,2026-06-14,ec Ecuador,,,,,,,,,,,,,,,,,
Ivory Coast,Group E,2026-06-20,de Germany,,,,,,,,,,,,,,,,,
Ivory Coast,Group E,2026-06-25,cw Curaçao,,,,,,,,,,,,,,,,,
Ecuador,Group E,2023-09-07,ar Argentina,L,0.0,1.0,29.0,,,,,E,10000.0,10000.0,10000.0,0.5,0.0,0.0,0.0,
Ecuador,Group E,2023-09-12,uy Uruguay,W,2.0,1.0,50.0,,,,,E,10000.0,10000.0,10000.0,0.5,0.0,0.0,0.0,
Ecuador,Group E,2023-10-12,bo Bolivia,W,2.0,1.0,46.0,,,,,E,10000.0,10000.0,10000.0,0.5,0.0,0.0,0.0,
Ecuador,Group E,2023-10-17,co Colombia,D,0.0,0.0,54.0,,,,,E,10000.0,10000.0,10000.0,0.5,0.0,0.0,0.0,
Ecuador,Group E,2023-11-16,ve Venezuela,D,0.0,0.0,50.0,,,,,E,10000.0,10000.0,10000.0,0.5,0.0,0.0,0.0,
Ecuador,Group E,2023-11-21,cl Chile,W,1.0,0.0,53.0,,,,,E,10000.0,10000.0,10000.0,0.5,0.0,0.0,0.0,
Ecuador,Group E,2024-09-06,br Brazil,L,0.0,1.0,43.0,,,,,E,10000.0,10000.0,10000.0,0.5,0.0,0.0,0.0,
Ecuador,Group E,2024-09-10,pe Peru,W,1.0,0.0,69.0,,,,,E,10000.0,10000.0,10000.0,0.5,0.0,0.0,0.0,
Ecuador,Group E,2024-10-10,py Paraguay,D,0.0,0.0,77.0,,,,,E,10000.0,10000.0,10000.0,0.5,0.0,0.0,0.0,
Ecuador,Group E,2024-10-15,uy Uruguay,D,0.0,0.0,45.0,,,,,E,10000.0,10000.0,10000.0,0.5,0.0,0.0,0.0,
Ecuador,Group E,2024-11-14,bo Bolivia,W,4.0,0.0,79.0,,,,,E,10000.0,10000.0,10000.0,0.5,0.0,0.0,0.0,
Ecuador,Group E,2024-11-19,co Colombia,W,1.0,0.0,33.0,,,,,E,10000.0,10000.0,10000.0,0.5,0.0,0.0,0.0,
Ecuador,Group E,2025-03-21,ve Venezuela,W,2.0,1.0,71.0,,,,,E,10000.0,10000.0,10000.0,0.5,0.0,0.0,0.0,
Ecuador,Group E,2025-03-25,cl Chile,D,0.0,0.0,40.0,,,,,E,10000.0,10000.0,10000.0,0.5,0.0,0.0,0.0,
Ecuador,Group E,2025-06-05,br Brazil,D,0.0,0.0,52.0,,,,,E,10000.0,10000.0,10000.0,0.5,0.0,0.0,0.0,
Ecuador,Group E,2025-06-10,pe Peru,D,0.0,0.0,47.0,,,,,E,10000.0,10000.0,10000.0,0.5,0.0,0.0,0.0,
Ecuador,Group E,2025-09-04,py Paraguay,D,0.0,0.0,63.0,,,,,E,10000.0,10000.0,10000.0,0.5,0.0,0.0,0.0,
Ecuador,Group E,2025-09-09,ar Argentina,W,1.0,0.0,43.0,,,,,E,10000.0,10000.0,10000.0,0.5,0.0,0.0,0.0,
Ecuador,Group E,2026-03-27,ma Morocco,D,1.0,1.0,,,,,,E,10000.0,10000.0,10000.0,0.5,0.0,0.0,0.0,
Ecuador,Group E,2026-03-31,nl Netherlands,D,1.0,1.0,,,,,,E,10000.0,10000.0,10000.0,0.5,0.0,0.0,0.0,
Ecuador,Group E,2026-05-30,sa Saudi Arabia,W,2.0,1.0,,,,,,E,10000.0,10000.0,10000.0,0.5,0.0,0.0,0.0,
Ecuador,Group E,2026-06-07,gt Guatemala,W,3.0,0.0,,,,,,E,10000.0,10000.0,10000.0,0.5,0.0,0.0,0.0,
Ecuador,Group E,2026-06-14,ci Côte d'Ivoire,,,,,,,,,E,10000.0,10000.0,10000.0,0.5,0.0,0.0,0.0,
Ecuador,Group E,2026-06-20,cw Curaçao,,,,,,,,,E,10000.0,10000.0,10000.0,0.5,0.0,0.0,0.0,
Ecuador,Group E,2026-06-25,de Germany,,,,,,,,,E,10000.0,10000.0,10000.0,0.5,0.0,0.0,0.0,
Netherlands,Group F,2025-06-07,fi Finland,W,2.0,0.0,60.0,,,,,F,2000.0,1600.0,2200.0,4.8,0.0,3.0,4.0,
Netherlands,Group F,2025-06-10,mt Malta,W,8.0,0.0,65.0,,,,,F,2000.0,1600.0,2200.0,4.8,0.0,3.0,4.0,
Netherlands,Group F,2025-09-04,pl Poland,D,1.0,1.0,74.0,,,,,F,2000.0,1600.0,2200.0,4.8,0.0,3.0,4.0,
Netherlands,Group F,2025-09-07,lt Lithuania,W,3.0,2.0,73.0,,,,,F,2000.0,1600.0,2200.0,4.8,0.0,3.0,4.0,
Netherlands,Group F,2025-10-09,mt Malta,W,4.0,0.0,63.0,,,,,F,2000.0,1600.0,2200.0,4.8,0.0,3.0,4.0,
Netherlands,Group F,2025-10-12,fi Finland,W,4.0,0.0,69.0,,,,,F,2000.0,1600.0,2200.0,4.8,0.0,3.0,4.0,
Netherlands,Group F,2025-11-14,pl Poland,D,1.0,1.0,60.0,,,,,F,2000.0,1600.0,2200.0,4.8,0.0,3.0,4.0,
Netherlands,Group F,2025-11-17,lt Lithuania,W,4.0,0.0,69.0,,,,,F,2000.0,1600.0,2200.0,4.8,0.0,3.0,4.0,
Netherlands,Group F,2026-03-27,no Norway,W,2.0,1.0,,,,,,F,2000.0,1600.0,2200.0,4.8,0.0,3.0,4.0,
Netherlands,Group F,2026-03-31,ec Ecuador,D,1.0,1.0,,,,,,F,2000.0,1600.0,2200.0,4.8,0.0,3.0,4.0,
Netherlands,Group F,2026-06-03,dz Algeria,L,0.0,1.0,,,,,,F,2000.0,1600.0,2200.0,4.8,0.0,3.0,4.0,
Netherlands,Group F,2026-06-08,uz Uzbekistan,W,2.0,1.0,,,,,,F,2000.0,1600.0,2200.0,4.8,0.0,3.0,4.0,
Netherlands,Group F,2026-06-14,jp Japan,,,,,,,,,F,2000.0,1600.0,2200.0,4.8,0.0,3.0,4.0,
Netherlands,Group F,2026-06-20,se Sweden,,,,,,,,,F,2000.0,1600.0,2200.0,4.8,0.0,3.0,4.0,
Netherlands,Group F,2026-06-25,tn Tunisia,,,,,,,,,F,2000.0,1600.0,2200.0,4.8,0.0,3.0,4.0,
Japan,Group F,2023-11-16,mm Myanmar,W,5.0,0.0,,,,,,F,6500.0,7500.0,6500.0,1.4,0.0,0.0,0.0,
Japan,Group F,2023-11-21,sy Syria,W,5.0,0.0,,,,,,F,6500.0,7500.0,6500.0,1.4,0.0,0.0,0.0,
Japan,Group F,2024-03-21,kp Korea DPR,W,1.0,0.0,,,,,,F,6500.0,7500.0,6500.0,1.4,0.0,0.0,0.0,
Japan,Group F,2024-03-26,kp Korea DPR,W,3.0,0.0,,,,,,F,6500.0,7500.0,6500.0,1.4,0.0,0.0,0.0,
Japan,Group F,2024-06-06,mm Myanmar,W,5.0,0.0,,,,,,F,6500.0,7500.0,6500.0,1.4,0.0,0.0,0.0,
Japan,Group F,2024-06-11,sy Syria,W,5.0,0.0,,,,,,F,6500.0,7500.0,6500.0,1.4,0.0,0.0,0.0,
Japan,Group F,2024-09-05,cn China PR,W,7.0,0.0,77.0,,,,,F,6500.0,7500.0,6500.0,1.4,0.0,0.0,0.0,
Japan,Group F,2024-09-10,bh Bahrain,W,5.0,0.0,76.0,,,,,F,6500.0,7500.0,6500.0,1.4,0.0,0.0,0.0,
Japan,Group F,2024-10-10,sa Saudi Arabia,W,2.0,0.0,43.0,,,,,F,6500.0,7500.0,6500.0,1.4,0.0,0.0,0.0,
Japan,Group F,2024-10-15,au Australia,D,1.0,1.0,65.0,,,,,F,6500.0,7500.0,6500.0,1.4,0.0,0.0,0.0,
Japan,Group F,2024-11-15,id Indonesia,W,4.0,0.0,66.0,,,,,F,6500.0,7500.0,6500.0,1.4,0.0,0.0,0.0,
Japan,Group F,2024-11-19,cn China PR,W,3.0,1.0,68.0,,,,,F,6500.0,7500.0,6500.0,1.4,0.0,0.0,0.0,
Japan,Group F,2025-03-20,bh Bahrain,W,2.0,0.0,61.0,,,,,F,6500.0,7500.0,6500.0,1.4,0.0,0.0,0.0,
Japan,Group F,2025-03-25,sa Saudi Arabia,D,0.0,0.0,78.0,,,,,F,6500.0,7500.0,6500.0,1.4,0.0,0.0,0.0,
Japan,Group F,2025-06-05,au Australia,L,0.0,1.0,69.0,,,,,F,6500.0,7500.0,6500.0,1.4,0.0,0.0,0.0,
Japan,Group F,2025-06-10,id Indonesia,W,6.0,0.0,71.0,,,,,F,6500.0,7500.0,6500.0,1.4,0.0,0.0,0.0,
Japan,Group F,2026-03-28,sct Scotland,W,1.0,0.0,,,,,,F,6500.0,7500.0,6500.0,1.4,0.0,0.0,0.0,
Japan,Group F,2026-03-31,eng England,W,1.0,0.0,,,,,,F,6500.0,7500.0,6500.0,1.4,0.0,0.0,0.0,
Japan,Group F,2026-05-31,is Iceland,W,1.0,0.0,,,,,,F,6500.0,7500.0,6500.0,1.4,0.0,0.0,0.0,
Japan,Group F,2026-06-14,nl Netherlands,,,,,,,,,F,6500.0,7500.0,6500.0,1.4,0.0,0.0,0.0,
Japan,Group F,2026-06-20,tn Tunisia,,,,,,,,,F,6500.0,7500.0,6500.0,1.4,0.0,0.0,0.0,
Japan,Group F,2026-06-25,se Sweden,,,,,,,,,F,6500.0,7500.0,6500.0,1.4,0.0,0.0,0.0,
Sweden,Group F,2025-09-05,si Slovenia,D,2.0,2.0,59.0,,,,,F,10000.0,10000.0,10000.0,0.5,0.0,0.0,0.0,
Sweden,Group F,2025-09-08,xk Kosovo,L,0.0,2.0,69.0,,,,,F,10000.0,10000.0,10000.0,0.5,0.0,0.0,0.0,
Sweden,Group F,2025-10-10,ch Switzerland,L,0.0,2.0,41.0,,,,,F,10000.0,10000.0,10000.0,0.5,0.0,0.0,0.0,
Sweden,Group F,2025-10-13,xk Kosovo,L,0.0,1.0,68.0,,,,,F,10000.0,10000.0,10000.0,0.5,0.0,0.0,0.0,
Sweden,Group F,2025-11-15,ch Switzerland,L,1.0,4.0,41.0,,,,,F,10000.0,10000.0,10000.0,0.5,0.0,0.0,0.0,
Sweden,Group F,2025-11-18,si Slovenia,D,1.0,1.0,61.0,,,,,F,10000.0,10000.0,10000.0,0.5,0.0,0.0,0.0,
Sweden,Group F,2026-03-26,ua Ukraine,W,3.0,1.0,32.0,,,,,F,10000.0,10000.0,10000.0,0.5,0.0,0.0,0.0,
Sweden,Group F,2026-03-31,pl Poland,W,3.0,2.0,33.0,,,,,F,10000.0,10000.0,10000.0,0.5,0.0,0.0,0.0,
Sweden,Group F,2026-06-01,no Norway,L,1.0,3.0,,,,,,F,10000.0,10000.0,10000.0,0.5,0.0,0.0,0.0,
Sweden,Group F,2026-06-04,gr Greece,D,2.0,2.0,,,,,,F,10000.0,10000.0,10000.0,0.5,0.0,0.0,0.0,
Sweden,Group F,2026-06-14,tn Tunisia,,,,,,,,,F,10000.0,10000.0,10000.0,0.5,0.0,0.0,0.0,
Sweden,Group F,2026-06-20,nl Netherlands,,,,,,,,,F,10000.0,10000.0,10000.0,0.5,0.0,0.0,0.0,
Sweden,Group F,2026-06-25,jp Japan,,,,,,,,,F,10000.0,10000.0,10000.0,0.5,0.0,0.0,0.0,
Tunisia,Group F,2023-11-17,st São Tomé,W,4.0,0.0,,,,,,F,10000.0,10000.0,10000.0,0.5,0.0,0.0,0.0,
Tunisia,Group F,2023-11-21,mw Malawi,W,1.0,0.0,,,,,,F,10000.0,10000.0,10000.0,0.5,0.0,0.0,0.0,
Tunisia,Group F,2024-06-05,gq Equ. Guinea,W,1.0,0.0,,,,,,F,10000.0,10000.0,10000.0,0.5,0.0,0.0,0.0,
Tunisia,Group F,2024-06-09,na Namibia,D,0.0,0.0,,,,,,F,10000.0,10000.0,10000.0,0.5,0.0,0.0,0.0,
Tunisia,Group F,2025-03-19,lr Liberia,W,1.0,0.0,,,,,,F,10000.0,10000.0,10000.0,0.5,0.0,0.0,0.0,
Tunisia,Group F,2025-03-24,mw Malawi,W,2.0,0.0,,,,,,F,10000.0,10000.0,10000.0,0.5,0.0,0.0,0.0,
Tunisia,Group F,2025-09-04,lr Liberia,W,3.0,0.0,,,,,,F,10000.0,10000.0,10000.0,0.5,0.0,0.0,0.0,
Tunisia,Group F,2025-09-08,gq Equ. Guinea,W,1.0,0.0,,,,,,F,10000.0,10000.0,10000.0,0.5,0.0,0.0,0.0,
Tunisia,Group F,2025-10-10,st São Tomé,W,6.0,0.0,,,,,,F,10000.0,10000.0,10000.0,0.5,0.0,0.0,0.0,
Tunisia,Group F,2025-10-13,na Namibia,W,3.0,0.0,,,,,,F,10000.0,10000.0,10000.0,0.5,0.0,0.0,0.0,
Tunisia,Group F,2026-03-28,ht Haiti,W,1.0,0.0,,,,,,F,10000.0,10000.0,10000.0,0.5,0.0,0.0,0.0,
Tunisia,Group F,2026-03-31,ca Canada,D,0.0,0.0,,,,,,F,10000.0,10000.0,10000.0,0.5,0.0,0.0,0.0,
Tunisia,Group F,2026-06-01,at Austria,L,0.0,1.0,,,,,,F,10000.0,10000.0,10000.0,0.5,0.0,0.0,0.0,
Tunisia,Group F,2026-06-06,be Belgium,L,0.0,5.0,,,,,,F,10000.0,10000.0,10000.0,0.5,0.0,0.0,0.0,
Tunisia,Group F,2026-06-14,se Sweden,,,,,,,,,F,10000.0,10000.0,10000.0,0.5,0.0,0.0,0.0,
Tunisia,Group F,2026-06-20,jp Japan,,,,,,,,,F,10000.0,10000.0,10000.0,0.5,0.0,0.0,0.0,
Tunisia,Group F,2026-06-25,nl Netherlands,,,,,,,,,F,10000.0,10000.0,10000.0,0.5,0.0,0.0,0.0,
Belgium,Group G,2025-06-06,mk N. Macedonia,D,1.0,1.0,68.0,,,,,G,3500.0,2500.0,3500.0,2.9,0.0,0.0,0.0,
Belgium,Group G,2025-06-09,wls Wales,W,4.0,3.0,46.0,,,,,G,3500.0,2500.0,3500.0,2.9,0.0,0.0,0.0,
Belgium,Group G,2025-09-04,li Liechtenstein,W,6.0,0.0,82.0,,,,,G,3500.0,2500.0,3500.0,2.9,0.0,0.0,0.0,
Belgium,Group G,2025-09-07,kz Kazakhstan,W,6.0,0.0,75.0,,,,,G,3500.0,2500.0,3500.0,2.9,0.0,0.0,0.0,
Belgium,Group G,2025-10-10,mk N. Macedonia,D,0.0,0.0,78.0,,,,,G,3500.0,2500.0,3500.0,2.9,0.0,0.0,0.0,
Belgium,Group G,2025-10-13,wls Wales,W,4.0,2.0,38.0,,,,,G,3500.0,2500.0,3500.0,2.9,0.0,0.0,0.0,
Belgium,Group G,2025-11-15,kz Kazakhstan,D,1.0,1.0,77.0,,,,,G,3500.0,2500.0,3500.0,2.9,0.0,0.0,0.0,
Belgium,Group G,2025-11-18,li Liechtenstein,W,7.0,0.0,81.0,,,,,G,3500.0,2500.0,3500.0,2.9,0.0,0.0,0.0,
Belgium,Group G,2026-03-28,us United States,W,5.0,2.0,,,,,,G,3500.0,2500.0,3500.0,2.9,0.0,0.0,0.0,
Belgium,Group G,2026-03-31,mx Mexico,D,1.0,1.0,,,,,,G,3500.0,2500.0,3500.0,2.9,0.0,0.0,0.0,
Belgium,Group G,2026-06-02,hr Croatia,W,2.0,0.0,,,,,,G,3500.0,2500.0,3500.0,2.9,0.0,0.0,0.0,
Belgium,Group G,2026-06-06,tn Tunisia,W,5.0,0.0,,,,,,G,3500.0,2500.0,3500.0,2.9,0.0,0.0,0.0,
Belgium,Group G,2026-06-15,eg Egypt,,,,,,,,,G,3500.0,2500.0,3500.0,2.9,0.0,0.0,0.0,
Belgium,Group G,2026-06-21,ir IR Iran,,,,,,,,,G,3500.0,2500.0,3500.0,2.9,0.0,0.0,0.0,
Belgium,Group G,2026-06-26,nz New Zealand,,,,,,,,,G,3500.0,2500.0,3500.0,2.9,0.0,0.0,0.0,
Egypt,Group G,2023-11-16,dj Djibouti,W,6.0,0.0,,,,,,G,10000.0,10000.0,10000.0,0.5,0.0,0.0,0.0,
Egypt,Group G,2023-11-19,sl Sierra Leone,W,2.0,0.0,,,,,,G,10000.0,10000.0,10000.0,0.5,0.0,0.0,0.0,
Egypt,Group G,2024-06-06,bf Burkina Faso,W,2.0,1.0,,,,,,G,10000.0,10000.0,10000.0,0.5,0.0,0.0,0.0,
Egypt,Group G,2024-06-10,gw Guinea-Bissau,D,1.0,1.0,,,,,,G,10000.0,10000.0,10000.0,0.5,0.0,0.0,0.0,
Egypt,Group G,2025-03-21,et Ethiopia,W,2.0,0.0,,,,,,G,10000.0,10000.0,10000.0,0.5,0.0,0.0,0.0,
Egypt,Group G,2025-03-25,sl Sierra Leone,W,1.0,0.0,,,,,,G,10000.0,10000.0,10000.0,0.5,0.0,0.0,0.0,
Egypt,Group G,2025-09-05,et Ethiopia,W,2.0,0.0,,,,,,G,10000.0,10000.0,10000.0,0.5,0.0,0.0,0.0,
Egypt,Group G,2025-09-09,bf Burkina Faso,D,0.0,0.0,,,,,,G,10000.0,10000.0,10000.0,0.5,0.0,0.0,0.0,
Egypt,Group G,2025-10-08,dj Djibouti,W,3.0,0.0,,,,,,G,10000.0,10000.0,10000.0,0.5,0.0,0.0,0.0,
Egypt,Group G,2025-10-12,gw Guinea-Bissau,W,1.0,0.0,,,,,,G,10000.0,10000.0,10000.0,0.5,0.0,0.0,0.0,
Egypt,Group G,2026-03-27,sa Saudi Arabia,W,4.0,0.0,,,,,,G,10000.0,10000.0,10000.0,0.5,0.0,0.0,0.0,
Egypt,Group G,2026-03-31,es Spain,D,0.0,0.0,,,,,,G,10000.0,10000.0,10000.0,0.5,0.0,0.0,0.0,
Egypt,Group G,2026-05-28,ru Russia,W,1.0,0.0,,,,,,G,10000.0,10000.0,10000.0,0.5,0.0,0.0,0.0,
Egypt,Group G,2026-06-06,br Brazil,L,1.0,2.0,,,,,,G,10000.0,10000.0,10000.0,0.5,0.0,0.0,0.0,
Egypt,Group G,2026-06-15,be Belgium,,,,,,,,,G,10000.0,10000.0,10000.0,0.5,0.0,0.0,0.0,
Egypt,Group G,2026-06-21,nz New Zealand,,,,,,,,,G,10000.0,10000.0,10000.0,0.5,0.0,0.0,0.0,
Egypt,Group G,2026-06-26,ir IR Iran,,,,,,,,,G,10000.0,10000.0,10000.0,0.5,0.0,0.0,0.0,
Iran,Group G,2023-11-16,hk Hong Kong,W,4.0,0.0,,,,,,,,,,,,,,
Iran,Group G,2023-11-21,uz Uzbekistan,D,2.0,2.0,,,,,,,,,,,,,,
Iran,Group G,2024-03-21,tm Turkmenistan,W,5.0,0.0,,,,,,,,,,,,,,
Iran,Group G,2024-03-26,tm Turkmenistan,W,1.0,0.0,,,,,,,,,,,,,,
Iran,Group G,2024-06-06,hk Hong Kong,W,4.0,2.0,,,,,,,,,,,,,,
Iran,Group G,2024-06-11,uz Uzbekistan,D,0.0,0.0,,,,,,,,,,,,,,
Iran,Group G,2024-09-05,kg Kyrgyz Republic,W,1.0,0.0,67.0,,,,,,,,,,,,,
Iran,Group G,2024-09-10,ae UAE,W,1.0,0.0,40.0,,,,,,,,,,,,,
Iran,Group G,2024-10-10,uz Uzbekistan,D,0.0,0.0,56.0,,,,,,,,,,,,,
Iran,Group G,2024-10-15,qa Qatar,W,4.0,1.0,46.0,,,,,,,,,,,,,
Iran,Group G,2024-11-14,kp Korea DPR,W,3.0,2.0,49.0,,,,,,,,,,,,,
Iran,Group G,2024-11-19,kg Kyrgyz Republic,W,3.0,2.0,61.0,,,,,,,,,,,,,
Iran,Group G,2025-03-20,ae UAE,W,2.0,0.0,56.0,,,,,,,,,,,,,
Iran,Group G,2025-03-25,uz Uzbekistan,D,2.0,2.0,61.0,,,,,,,,,,,,,
Iran,Group G,2025-06-05,qa Qatar,L,0.0,1.0,48.0,,,,,,,,,,,,,
Iran,Group G,2025-06-10,kp Korea DPR,W,3.0,0.0,69.0,,,,,,,,,,,,,
Iran,Group G,2026-05-29,gm Gambia,W,3.0,1.0,,,,,,,,,,,,,,
Iran,Group G,2026-06-04,ml Mali,W,2.0,0.0,,,,,,,,,,,,,,
Iran,Group G,2026-06-15,nz New Zealand,,,,,,,,,,,,,,,,,
Iran,Group G,2026-06-21,be Belgium,,,,,,,,,,,,,,,,,
Iran,Group G,2026-06-26,eg Egypt,,,,,,,,,,,,,,,,,
New Zealand,Group G,2024-10-11,pf Tahiti,W,3.0,0.0,,,,,,G,10000.0,10000.0,10000.0,0.5,0.0,0.0,0.0,
New Zealand,Group G,2024-11-15,vu Vanuatu,W,8.0,1.0,,,,,,G,10000.0,10000.0,10000.0,0.5,0.0,0.0,0.0,
New Zealand,Group G,2024-11-18,ws Samoa,W,8.0,0.0,,,,,,G,10000.0,10000.0,10000.0,0.5,0.0,0.0,0.0,
New Zealand,Group G,2025-03-21,fj Fiji,W,7.0,0.0,,,,,,G,10000.0,10000.0,10000.0,0.5,0.0,0.0,0.0,
New Zealand,Group G,2025-03-24,nc New Caledonia,W,3.0,0.0,,,,,,G,10000.0,10000.0,10000.0,0.5,0.0,0.0,0.0,
New Zealand,Group G,2026-06-02,ht Haiti,L,0.0,4.0,,,,,,G,10000.0,10000.0,10000.0,0.5,0.0,0.0,0.0,
New Zealand,Group G,2026-06-06,eng England,L,0.0,1.0,,,,,,G,10000.0,10000.0,10000.0,0.5,0.0,0.0,0.0,
New Zealand,Group G,2026-06-15,ir IR Iran,,,,,,,,,G,10000.0,10000.0,10000.0,0.5,0.0,0.0,0.0,
New Zealand,Group G,2026-06-21,eg Egypt,,,,,,,,,G,10000.0,10000.0,10000.0,0.5,0.0,0.0,0.0,
New Zealand,Group G,2026-06-26,be Belgium,,,,,,,,,G,10000.0,10000.0,10000.0,0.5,0.0,0.0,0.0,
Spain,Group H,2025-09-04,bg Bulgaria,W,3.0,0.0,78.0,,,,,H,475.0,400.0,475.0,17.4,1.0,1.0,3.0,2010.0
Spain,Group H,2025-09-07,tr Türkiye,W,6.0,0.0,50.0,,,,,H,475.0,400.0,475.0,17.4,1.0,1.0,3.0,2010.0
Spain,Group H,2025-10-11,ge Georgia,W,2.0,0.0,83.0,,,,,H,475.0,400.0,475.0,17.4,1.0,1.0,3.0,2010.0
Spain,Group H,2025-10-14,bg Bulgaria,W,4.0,0.0,78.0,,,,,H,475.0,400.0,475.0,17.4,1.0,1.0,3.0,2010.0
Spain,Group H,2025-11-15,ge Georgia,W,4.0,0.0,61.0,,,,,H,475.0,400.0,475.0,17.4,1.0,1.0,3.0,2010.0
Spain,Group H,2025-11-18,tr Türkiye,D,2.0,2.0,73.0,,,,,H,475.0,400.0,475.0,17.4,1.0,1.0,3.0,2010.0
Spain,Group H,2026-03-27,rs Serbia,W,3.0,0.0,,,,,,H,475.0,400.0,475.0,17.4,1.0,1.0,3.0,2010.0
Spain,Group H,2026-03-31,eg Egypt,D,0.0,0.0,,,,,,H,475.0,400.0,475.0,17.4,1.0,1.0,3.0,2010.0
Spain,Group H,2026-06-04,iq Iraq,D,1.0,1.0,,,,,,H,475.0,400.0,475.0,17.4,1.0,1.0,3.0,2010.0
Spain,Group H,2026-06-08,pe Peru,W,3.0,1.0,,,,,,H,475.0,400.0,475.0,17.4,1.0,1.0,3.0,2010.0
Spain,Group H,2026-06-15,cv Cape Verde,,,,,,,,,H,475.0,400.0,475.0,17.4,1.0,1.0,3.0,2010.0
Spain,Group H,2026-06-21,sa Saudi Arabia,,,,,,,,,H,475.0,400.0,475.0,17.4,1.0,1.0,3.0,2010.0
Spain,Group H,2026-06-26,uy Uruguay,,,,,,,,,H,475.0,400.0,475.0,17.4,1.0,1.0,3.0,2010.0
Cape Verde,Group H,2023-11-16,ao Angola,D,0.0,0.0,,,,,,H,10000.0,10000.0,10000.0,0.5,0.0,0.0,0.0,
Cape Verde,Group H,2023-11-21,sz Eswatini,W,2.0,0.0,,,,,,H,10000.0,10000.0,10000.0,0.5,0.0,0.0,0.0,
Cape Verde,Group H,2024-06-08,cm Cameroon,L,1.0,4.0,,,,,,H,10000.0,10000.0,10000.0,0.5,0.0,0.0,0.0,
Cape Verde,Group H,2024-06-11,ly Libya,W,1.0,0.0,,,,,,H,10000.0,10000.0,10000.0,0.5,0.0,0.0,0.0,
Cape Verde,Group H,2025-03-20,mu Mauritius,W,1.0,0.0,,,,,,H,10000.0,10000.0,10000.0,0.5,0.0,0.0,0.0,
Cape Verde,Group H,2025-03-25,ao Angola,W,2.0,1.0,,,,,,H,10000.0,10000.0,10000.0,0.5,0.0,0.0,0.0,
Cape Verde,Group H,2025-09-04,mu Mauritius,W,2.0,0.0,,,,,,H,10000.0,10000.0,10000.0,0.5,0.0,0.0,0.0,
Cape Verde,Group H,2025-09-09,cm Cameroon,W,1.0,0.0,,,,,,H,10000.0,10000.0,10000.0,0.5,0.0,0.0,0.0,
Cape Verde,Group H,2025-10-08,ly Libya,D,3.0,3.0,,,,,,H,10000.0,10000.0,10000.0,0.5,0.0,0.0,0.0,
Cape Verde,Group H,2025-10-13,sz Eswatini,W,3.0,0.0,,,,,,H,10000.0,10000.0,10000.0,0.5,0.0,0.0,0.0,
Cape Verde,Group H,2026-05-31,rs Serbia,W,3.0,0.0,,,,,,H,10000.0,10000.0,10000.0,0.5,0.0,0.0,0.0,
Cape Verde,Group H,2026-06-06,bm Bermuda,W,3.0,0.0,,,,,,H,10000.0,10000.0,10000.0,0.5,0.0,0.0,0.0,
Cape Verde,Group H,2026-06-15,es Spain,,,,,,,,,H,10000.0,10000.0,10000.0,0.5,0.0,0.0,0.0,
Cape Verde,Group H,2026-06-21,uy Uruguay,,,,,,,,,H,10000.0,10000.0,10000.0,0.5,0.0,0.0,0.0,
Cape Verde,Group H,2026-06-26,sa Saudi Arabia,,,,,,,,,H,10000.0,10000.0,10000.0,0.5,0.0,0.0,0.0,
Saudi Arabia,Group H,2023-11-16,pk Pakistan,W,4.0,0.0,,,,,,H,10000.0,10000.0,10000.0,0.5,0.0,0.0,0.0,
Saudi Arabia,Group H,2023-11-21,jo Jordan,W,2.0,0.0,,,,,,H,10000.0,10000.0,10000.0,0.5,0.0,0.0,0.0,
Saudi Arabia,Group H,2024-03-21,tj Tajikistan,W,1.0,0.0,,,,,,H,10000.0,10000.0,10000.0,0.5,0.0,0.0,0.0,
Saudi Arabia,Group H,2024-03-26,tj Tajikistan,D,1.0,1.0,,,,,,H,10000.0,10000.0,10000.0,0.5,0.0,0.0,0.0,
Saudi Arabia,Group H,2024-06-06,pk Pakistan,W,3.0,0.0,,,,,,H,10000.0,10000.0,10000.0,0.5,0.0,0.0,0.0,
Saudi Arabia,Group H,2024-06-11,jo Jordan,L,1.0,2.0,,,,,,H,10000.0,10000.0,10000.0,0.5,0.0,0.0,0.0,
Saudi Arabia,Group H,2024-09-05,id Indonesia,D,1.0,1.0,66.0,,,,,H,10000.0,10000.0,10000.0,0.5,0.0,0.0,0.0,
Saudi Arabia,Group H,2024-09-10,cn China PR,W,2.0,1.0,57.0,,,,,H,10000.0,10000.0,10000.0,0.5,0.0,0.0,0.0,
Saudi Arabia,Group H,2024-10-10,jp Japan,L,0.0,2.0,57.0,,,,,H,10000.0,10000.0,10000.0,0.5,0.0,0.0,0.0,
Saudi Arabia,Group H,2024-10-15,bh Bahrain,D,0.0,0.0,67.0,,,,,H,10000.0,10000.0,10000.0,0.5,0.0,0.0,0.0,
Saudi Arabia,Group H,2024-11-14,au Australia,D,0.0,0.0,58.0,,,,,H,10000.0,10000.0,10000.0,0.5,0.0,0.0,0.0,
Saudi Arabia,Group H,2024-11-19,id Indonesia,L,0.0,2.0,77.0,,,,,H,10000.0,10000.0,10000.0,0.5,0.0,0.0,0.0,
Saudi Arabia,Group H,2025-03-20,cn China PR,W,1.0,0.0,80.0,,,,,H,10000.0,10000.0,10000.0,0.5,0.0,0.0,0.0,
Saudi Arabia,Group H,2025-03-25,jp Japan,D,0.0,0.0,22.0,,,,,H,10000.0,10000.0,10000.0,0.5,0.0,0.0,0.0,
Saudi Arabia,Group H,2025-06-05,bh Bahrain,W,2.0,0.0,46.0,,,,,H,10000.0,10000.0,10000.0,0.5,0.0,0.0,0.0,
Saudi Arabia,Group H,2025-06-10,au Australia,L,1.0,2.0,70.0,,,,,H,10000.0,10000.0,10000.0,0.5,0.0,0.0,0.0,
Saudi Arabia,Group H,2025-10-08,id Indonesia,W,3.0,2.0,55.0,,,,,H,10000.0,10000.0,10000.0,0.5,0.0,0.0,0.0,
Saudi Arabia,Group H,2025-10-14,iq Iraq,D,0.0,0.0,62.0,,,,,H,10000.0,10000.0,10000.0,0.5,0.0,0.0,0.0,
Saudi Arabia,Group H,2026-03-27,eg Egypt,L,0.0,4.0,,,,,,H,10000.0,10000.0,10000.0,0.5,0.0,0.0,0.0,
Saudi Arabia,Group H,2026-03-31,rs Serbia,L,1.0,2.0,,,,,,H,10000.0,10000.0,10000.0,0.5,0.0,0.0,0.0,
Saudi Arabia,Group H,2026-05-30,ec Ecuador,L,1.0,2.0,,,,,,H,10000.0,10000.0,10000.0,0.5,0.0,0.0,0.0,
Saudi Arabia,Group H,2026-06-05,pr Puerto Rico,W,3.0,0.0,,,,,,H,10000.0,10000.0,10000.0,0.5,0.0,0.0,0.0,
Saudi Arabia,Group H,2026-06-09,sn Senegal,D,0.0,0.0,,,,,,H,10000.0,10000.0,10000.0,0.5,0.0,0.0,0.0,
Saudi Arabia,Group H,2026-06-15,uy Uruguay,,,,,,,,,H,10000.0,10000.0,10000.0,0.5,0.0,0.0,0.0,
Saudi Arabia,Group H,2026-06-21,es Spain,,,,,,,,,H,10000.0,10000.0,10000.0,0.5,0.0,0.0,0.0,
Saudi Arabia,Group H,2026-06-26,cv Cape Verde,,,,,,,,,H,10000.0,10000.0,10000.0,0.5,0.0,0.0,0.0,
Uruguay,Group H,2023-09-08,cl Chile,W,3.0,1.0,50.0,,,,,H,5000.0,6000.0,6000.0,1.9,0.0,0.0,0.0,
Uruguay,Group H,2023-09-12,ec Ecuador,L,1.0,2.0,50.0,,,,,H,5000.0,6000.0,6000.0,1.9,0.0,0.0,0.0,
Uruguay,Group H,2023-10-12,co Colombia,D,2.0,2.0,51.0,,,,,H,5000.0,6000.0,6000.0,1.9,0.0,0.0,0.0,
Uruguay,Group H,2023-10-17,br Brazil,W,2.0,0.0,39.0,,,,,H,5000.0,6000.0,6000.0,1.9,0.0,0.0,0.0,
Uruguay,Group H,2023-11-16,ar Argentina,W,2.0,0.0,37.0,,,,,H,5000.0,6000.0,6000.0,1.9,0.0,0.0,0.0,
Uruguay,Group H,2023-11-21,bo Bolivia,W,3.0,0.0,69.0,,,,,H,5000.0,6000.0,6000.0,1.9,0.0,0.0,0.0,
Uruguay,Group H,2024-09-06,py Paraguay,D,0.0,0.0,65.0,,,,,H,5000.0,6000.0,6000.0,1.9,0.0,0.0,0.0,
Uruguay,Group H,2024-09-10,ve Venezuela,D,0.0,0.0,55.0,,,,,H,5000.0,6000.0,6000.0,1.9,0.0,0.0,0.0,
Uruguay,Group H,2024-10-11,pe Peru,L,0.0,1.0,62.0,,,,,H,5000.0,6000.0,6000.0,1.9,0.0,0.0,0.0,
Uruguay,Group H,2024-10-15,ec Ecuador,D,0.0,0.0,55.0,,,,,H,5000.0,6000.0,6000.0,1.9,0.0,0.0,0.0,
Uruguay,Group H,2024-11-15,co Colombia,W,3.0,2.0,45.0,,,,,H,5000.0,6000.0,6000.0,1.9,0.0,0.0,0.0,
Uruguay,Group H,2024-11-19,br Brazil,D,1.0,1.0,39.0,,,,,H,5000.0,6000.0,6000.0,1.9,0.0,0.0,0.0,
Uruguay,Group H,2025-03-21,ar Argentina,L,0.0,1.0,55.0,,,,,H,5000.0,6000.0,6000.0,1.9,0.0,0.0,0.0,
Uruguay,Group H,2025-03-25,bo Bolivia,D,0.0,0.0,34.0,,,,,H,5000.0,6000.0,6000.0,1.9,0.0,0.0,0.0,
Uruguay,Group H,2025-06-05,py Paraguay,L,0.0,2.0,71.0,,,,,H,5000.0,6000.0,6000.0,1.9,0.0,0.0,0.0,
Uruguay,Group H,2025-06-10,ve Venezuela,W,2.0,0.0,59.0,,,,,H,5000.0,6000.0,6000.0,1.9,0.0,0.0,0.0,
Uruguay,Group H,2025-09-04,pe Peru,W,3.0,0.0,63.0,,,,,H,5000.0,6000.0,6000.0,1.9,0.0,0.0,0.0,
Uruguay,Group H,2025-09-09,cl Chile,D,0.0,0.0,51.0,,,,,H,5000.0,6000.0,6000.0,1.9,0.0,0.0,0.0,
Uruguay,Group H,2026-03-27,eng England,D,1.0,1.0,,,,,,H,5000.0,6000.0,6000.0,1.9,0.0,0.0,0.0,
Uruguay,Group H,2026-03-31,dz Algeria,D,0.0,0.0,,,,,,H,5000.0,6000.0,6000.0,1.9,0.0,0.0,0.0,
Uruguay,Group H,2026-06-15,sa Saudi Arabia,,,,,,,,,H,5000.0,6000.0,6000.0,1.9,0.0,0.0,0.0,
Uruguay,Group H,2026-06-21,cv Cape Verde,,,,,,,,,H,5000.0,6000.0,6000.0,1.9,0.0,0.0,0.0,
Uruguay,Group H,2026-06-26,es Spain,,,,,,,,,H,5000.0,6000.0,6000.0,1.9,0.0,0.0,0.0,
France,Group I,2025-09-05,ua Ukraine,W,2.0,0.0,56.0,,,,,I,500.0,700.0,500.0,16.7,2.0,3.0,5.0,2018.0
France,Group I,2025-09-09,is Iceland,W,2.0,1.0,63.0,,,,,I,500.0,700.0,500.0,16.7,2.0,3.0,5.0,2018.0
France,Group I,2025-10-10,az Azerbaijan,W,3.0,0.0,77.0,,,,,I,500.0,700.0,500.0,16.7,2.0,3.0,5.0,2018.0
France,Group I,2025-10-13,is Iceland,D,2.0,2.0,70.0,,,,,I,500.0,700.0,500.0,16.7,2.0,3.0,5.0,2018.0
France,Group I,2025-11-13,ua Ukraine,W,4.0,0.0,71.0,,,,,I,500.0,700.0,500.0,16.7,2.0,3.0,5.0,2018.0
France,Group I,2025-11-16,az Azerbaijan,W,3.0,1.0,74.0,,,,,I,500.0,700.0,500.0,16.7,2.0,3.0,5.0,2018.0
France,Group I,2026-03-26,br Brazil,W,2.0,1.0,,,,,,I,500.0,700.0,500.0,16.7,2.0,3.0,5.0,2018.0
France,Group I,2026-03-29,co Colombia,W,3.0,1.0,,,,,,I,500.0,700.0,500.0,16.7,2.0,3.0,5.0,2018.0
France,Group I,2026-06-04,ci Côte d'Ivoire,L,1.0,2.0,,,,,,I,500.0,700.0,500.0,16.7,2.0,3.0,5.0,2018.0
France,Group I,2026-06-08,nir Northern Ireland,W,3.0,1.0,,,,,,I,500.0,700.0,500.0,16.7,2.0,3.0,5.0,2018.0
France,Group I,2026-06-16,sn Senegal,,,,,,,,,I,500.0,700.0,500.0,16.7,2.0,3.0,5.0,2018.0
France,Group I,2026-06-22,iq Iraq,,,,,,,,,I,500.0,700.0,500.0,16.7,2.0,3.0,5.0,2018.0
France,Group I,2026-06-26,no Norway,,,,,,,,,I,500.0,700.0,500.0,16.7,2.0,3.0,5.0,2018.0
Senegal,Group I,2023-11-18,ss South Sudan,W,4.0,0.0,,,,,,I,10000.0,10000.0,10000.0,0.5,0.0,0.0,0.0,
Senegal,Group I,2023-11-21,tg Togo,D,0.0,0.0,,,,,,I,10000.0,10000.0,10000.0,0.5,0.0,0.0,0.0,
Senegal,Group I,2024-06-06,cd Congo DR,D,1.0,1.0,,,,,,I,10000.0,10000.0,10000.0,0.5,0.0,0.0,0.0,
Senegal,Group I,2024-06-09,mr Mauritania,W,1.0,0.0,,,,,,I,10000.0,10000.0,10000.0,0.5,0.0,0.0,0.0,
Senegal,Group I,2025-03-22,sd Sudan,D,0.0,0.0,,,,,,I,10000.0,10000.0,10000.0,0.5,0.0,0.0,0.0,
Senegal,Group I,2025-03-25,tg Togo,W,2.0,0.0,,,,,,I,10000.0,10000.0,10000.0,0.5,0.0,0.0,0.0,
Senegal,Group I,2025-09-05,sd Sudan,W,2.0,0.0,,,,,,I,10000.0,10000.0,10000.0,0.5,0.0,0.0,0.0,
Senegal,Group I,2025-09-09,cd Congo DR,W,3.0,2.0,,,,,,I,10000.0,10000.0,10000.0,0.5,0.0,0.0,0.0,
Senegal,Group I,2025-10-10,ss South Sudan,W,5.0,0.0,,,,,,I,10000.0,10000.0,10000.0,0.5,0.0,0.0,0.0,
Senegal,Group I,2025-10-14,mr Mauritania,W,4.0,0.0,,,,,,I,10000.0,10000.0,10000.0,0.5,0.0,0.0,0.0,
Senegal,Group I,2026-03-28,pe Peru,W,2.0,0.0,,,,,,I,10000.0,10000.0,10000.0,0.5,0.0,0.0,0.0,
Senegal,Group I,2026-03-31,gm Gambia,W,3.0,1.0,,,,,,I,10000.0,10000.0,10000.0,0.5,0.0,0.0,0.0,
Senegal,Group I,2026-05-31,us United States,L,2.0,3.0,,,,,,I,10000.0,10000.0,10000.0,0.5,0.0,0.0,0.0,
Senegal,Group I,2026-06-09,sa Saudi Arabia,D,0.0,0.0,,,,,,I,10000.0,10000.0,10000.0,0.5,0.0,0.0,0.0,
Senegal,Group I,2026-06-16,fr France,,,,,,,,,I,10000.0,10000.0,10000.0,0.5,0.0,0.0,0.0,
Senegal,Group I,2026-06-22,no Norway,,,,,,,,,I,10000.0,10000.0,10000.0,0.5,0.0,0.0,0.0,
Senegal,Group I,2026-06-26,iq Iraq,,,,,,,,,I,10000.0,10000.0,10000.0,0.5,0.0,0.0,0.0,
Iraq,Group I,2023-11-16,id Indonesia,W,5.0,1.0,,,,,,I,10000.0,10000.0,10000.0,0.5,0.0,0.0,0.0,
Iraq,Group I,2023-11-21,vn Vietnam,W,1.0,0.0,,,,,,I,10000.0,10000.0,10000.0,0.5,0.0,0.0,0.0,
Iraq,Group I,2024-03-21,ph Philippines,W,1.0,0.0,,,,,,I,10000.0,10000.0,10000.0,0.5,0.0,0.0,0.0,
Iraq,Group I,2024-03-26,ph Philippines,W,5.0,0.0,,,,,,I,10000.0,10000.0,10000.0,0.5,0.0,0.0,0.0,
Iraq,Group I,2024-06-06,id Indonesia,W,2.0,0.0,,,,,,I,10000.0,10000.0,10000.0,0.5,0.0,0.0,0.0,
Iraq,Group I,2024-06-11,vn Vietnam,W,3.0,1.0,,,,,,I,10000.0,10000.0,10000.0,0.5,0.0,0.0,0.0,
Iraq,Group I,2024-09-05,om Oman,W,1.0,0.0,42.0,,,,,I,10000.0,10000.0,10000.0,0.5,0.0,0.0,0.0,
Iraq,Group I,2024-09-10,kw Kuwait,D,0.0,0.0,41.0,,,,,I,10000.0,10000.0,10000.0,0.5,0.0,0.0,0.0,
Iraq,Group I,2024-10-10,ps Palestine,W,1.0,0.0,59.0,,,,,I,10000.0,10000.0,10000.0,0.5,0.0,0.0,0.0,
Iraq,Group I,2024-10-15,kr Korea Republic,L,2.0,3.0,24.0,,,,,I,10000.0,10000.0,10000.0,0.5,0.0,0.0,0.0,
Iraq,Group I,2024-11-14,jo Jordan,D,0.0,0.0,59.0,,,,,I,10000.0,10000.0,10000.0,0.5,0.0,0.0,0.0,
Iraq,Group I,2024-11-19,om Oman,W,1.0,0.0,42.0,,,,,I,10000.0,10000.0,10000.0,0.5,0.0,0.0,0.0,
Iraq,Group I,2025-03-20,kw Kuwait,D,2.0,2.0,62.0,,,,,I,10000.0,10000.0,10000.0,0.5,0.0,0.0,0.0,
Iraq,Group I,2025-03-25,ps Palestine,L,1.0,2.0,46.0,,,,,I,10000.0,10000.0,10000.0,0.5,0.0,0.0,0.0,
Iraq,Group I,2025-06-05,kr Korea Republic,L,0.0,2.0,24.0,,,,,I,10000.0,10000.0,10000.0,0.5,0.0,0.0,0.0,
Iraq,Group I,2025-06-10,jo Jordan,W,1.0,0.0,59.0,,,,,I,10000.0,10000.0,10000.0,0.5,0.0,0.0,0.0,
Iraq,Group I,2025-10-11,id Indonesia,W,1.0,0.0,45.0,,,,,I,10000.0,10000.0,10000.0,0.5,0.0,0.0,0.0,
Iraq,Group I,2025-10-14,sa Saudi Arabia,D,0.0,0.0,38.0,,,,,I,10000.0,10000.0,10000.0,0.5,0.0,0.0,0.0,
Iraq,Group I,2025-11-13,ae UAE,D,1.0,1.0,49.0,,,,,I,10000.0,10000.0,10000.0,0.5,0.0,0.0,0.0,
Iraq,Group I,2025-11-18,ae UAE,W,2.0,1.0,50.0,,,,,I,10000.0,10000.0,10000.0,0.5,0.0,0.0,0.0,
Iraq,Group I,2026-03-31,bo Bolivia,W,2.0,1.0,,,,,,I,10000.0,10000.0,10000.0,0.5,0.0,0.0,0.0,
Iraq,Group I,2026-05-29,ad Andorra,W,1.0,0.0,,,,,,I,10000.0,10000.0,10000.0,0.5,0.0,0.0,0.0,
Iraq,Group I,2026-06-04,es Spain,D,1.0,1.0,,,,,,I,10000.0,10000.0,10000.0,0.5,0.0,0.0,0.0,
Iraq,Group I,2026-06-09,ve Venezuela,L,0.0,2.0,,,,,,I,10000.0,10000.0,10000.0,0.5,0.0,0.0,0.0,
Iraq,Group I,2026-06-16,no Norway,,,,,,,,,I,10000.0,10000.0,10000.0,0.5,0.0,0.0,0.0,
Iraq,Group I,2026-06-22,fr France,,,,,,,,,I,10000.0,10000.0,10000.0,0.5,0.0,0.0,0.0,
Iraq,Group I,2026-06-26,sn Senegal,,,,,,,,,I,10000.0,10000.0,10000.0,0.5,0.0,0.0,0.0,
Norway,Group I,2025-03-22,md Moldova,W,5.0,0.0,70.0,,,,,I,3000.0,3500.0,3500.0,2.9,0.0,0.0,0.0,
Norway,Group I,2025-03-25,il Israel,W,4.0,2.0,56.0,,,,,I,3000.0,3500.0,3500.0,2.9,0.0,0.0,0.0,
Norway,Group I,2025-06-06,it Italy,W,3.0,0.0,38.0,,,,,I,3000.0,3500.0,3500.0,2.9,0.0,0.0,0.0,
Norway,Group I,2025-06-09,ee Estonia,W,1.0,0.0,62.0,,,,,I,3000.0,3500.0,3500.0,2.9,0.0,0.0,0.0,
Norway,Group I,2025-09-09,md Moldova,W,11.0,1.0,71.0,,,,,I,3000.0,3500.0,3500.0,2.9,0.0,0.0,0.0,
Norway,Group I,2025-10-11,il Israel,W,5.0,0.0,54.0,,,,,I,3000.0,3500.0,3500.0,2.9,0.0,0.0,0.0,
Norway,Group I,2025-11-13,ee Estonia,W,4.0,1.0,68.0,,,,,I,3000.0,3500.0,3500.0,2.9,0.0,0.0,0.0,
Norway,Group I,2025-11-16,it Italy,W,4.0,1.0,42.0,,,,,I,3000.0,3500.0,3500.0,2.9,0.0,0.0,0.0,
Norway,Group I,2026-03-27,nl Netherlands,L,1.0,2.0,,,,,,I,3000.0,3500.0,3500.0,2.9,0.0,0.0,0.0,
Norway,Group I,2026-03-31,ch Switzerland,D,0.0,0.0,,,,,,I,3000.0,3500.0,3500.0,2.9,0.0,0.0,0.0,
Norway,Group I,2026-06-01,se Sweden,W,3.0,1.0,,,,,,I,3000.0,3500.0,3500.0,2.9,0.0,0.0,0.0,
Norway,Group I,2026-06-07,ma Morocco,D,1.0,1.0,,,,,,I,3000.0,3500.0,3500.0,2.9,0.0,0.0,0.0,
Norway,Group I,2026-06-16,iq Iraq,,,,,,,,,I,3000.0,3500.0,3500.0,2.9,0.0,0.0,0.0,
Norway,Group I,2026-06-22,sn Senegal,,,,,,,,,I,3000.0,3500.0,3500.0,2.9,0.0,0.0,0.0,
Norway,Group I,2026-06-26,fr France,,,,,,,,,I,3000.0,3500.0,3500.0,2.9,0.0,0.0,0.0,
Argentina,Group J,2023-09-07,ec Ecuador,W,1.0,0.0,71.0,,,,,J,900.0,900.0,900.0,9.0,3.0,6.0,8.0,2022.0
Argentina,Group J,2023-09-12,bo Bolivia,W,3.0,0.0,60.0,,,,,J,900.0,900.0,900.0,9.0,3.0,6.0,8.0,2022.0
Argentina,Group J,2023-10-12,py Paraguay,W,1.0,0.0,75.0,,,,,J,900.0,900.0,900.0,9.0,3.0,6.0,8.0,2022.0
Argentina,Group J,2023-10-17,pe Peru,W,2.0,0.0,66.0,,,,,J,900.0,900.0,900.0,9.0,3.0,6.0,8.0,2022.0
Argentina,Group J,2023-11-16,uy Uruguay,L,0.0,2.0,63.0,,,,,J,900.0,900.0,900.0,9.0,3.0,6.0,8.0,2022.0
Argentina,Group J,2023-11-21,br Brazil,W,1.0,0.0,50.0,,,,,J,900.0,900.0,900.0,9.0,3.0,6.0,8.0,2022.0
Argentina,Group J,2024-09-05,cl Chile,W,3.0,0.0,65.0,,,,,J,900.0,900.0,900.0,9.0,3.0,6.0,8.0,2022.0
Argentina,Group J,2024-09-10,co Colombia,L,1.0,2.0,53.0,,,,,J,900.0,900.0,900.0,9.0,3.0,6.0,8.0,2022.0
Argentina,Group J,2024-10-10,ve Venezuela,D,1.0,1.0,60.0,,,,,J,900.0,900.0,900.0,9.0,3.0,6.0,8.0,2022.0
Argentina,Group J,2024-10-15,bo Bolivia,W,6.0,0.0,72.0,,,,,J,900.0,900.0,900.0,9.0,3.0,6.0,8.0,2022.0
Argentina,Group J,2024-11-14,py Paraguay,L,1.0,2.0,77.0,,,,,J,900.0,900.0,900.0,9.0,3.0,6.0,8.0,2022.0
Argentina,Group J,2024-11-19,pe Peru,W,1.0,0.0,74.0,,,,,J,900.0,900.0,900.0,9.0,3.0,6.0,8.0,2022.0
Argentina,Group J,2025-03-21,uy Uruguay,W,1.0,0.0,45.0,,,,,J,900.0,900.0,900.0,9.0,3.0,6.0,8.0,2022.0
Argentina,Group J,2025-03-25,br Brazil,W,4.0,1.0,56.0,,,,,J,900.0,900.0,900.0,9.0,3.0,6.0,8.0,2022.0
Argentina,Group J,2025-06-05,cl Chile,W,1.0,0.0,66.0,,,,,J,900.0,900.0,900.0,9.0,3.0,6.0,8.0,2022.0
Argentina,Group J,2025-06-10,co Colombia,D,1.0,1.0,64.0,,,,,J,900.0,900.0,900.0,9.0,3.0,6.0,8.0,2022.0
Argentina,Group J,2025-09-04,ve Venezuela,W,3.0,0.0,77.0,,,,,J,900.0,900.0,900.0,9.0,3.0,6.0,8.0,2022.0
Argentina,Group J,2025-09-09,ec Ecuador,L,0.0,1.0,57.0,,,,,J,900.0,900.0,900.0,9.0,3.0,6.0,8.0,2022.0
Argentina,Group J,2026-03-27,mr Mauritania,W,2.0,1.0,,,,,,J,900.0,900.0,900.0,9.0,3.0,6.0,8.0,2022.0
Argentina,Group J,2026-03-31,zm Zambia,W,5.0,0.0,,,,,,J,900.0,900.0,900.0,9.0,3.0,6.0,8.0,2022.0
Argentina,Group J,2026-06-06,hn Honduras,W,2.0,0.0,,,,,,J,900.0,900.0,900.0,9.0,3.0,6.0,8.0,2022.0
Argentina,Group J,2026-06-09,is Iceland,W,3.0,0.0,,,,,,J,900.0,900.0,900.0,9.0,3.0,6.0,8.0,2022.0
Argentina,Group J,2026-06-16,dz Algeria,,,,,,,,,J,900.0,900.0,900.0,9.0,3.0,6.0,8.0,2022.0
Argentina,Group J,2026-06-22,at Austria,,,,,,,,,J,900.0,900.0,900.0,9.0,3.0,6.0,8.0,2022.0
Argentina,Group J,2026-06-27,jo Jordan,,,,,,,,,J,900.0,900.0,900.0,9.0,3.0,6.0,8.0,2022.0
Algeria,Group J,2023-11-16,so Somalia,W,3.0,1.0,,,,,,J,10000.0,10000.0,10000.0,0.5,0.0,0.0,0.0,
Algeria,Group J,2023-11-19,mz Mozambique,W,2.0,0.0,,,,,,J,10000.0,10000.0,10000.0,0.5,0.0,0.0,0.0,
Algeria,Group J,2024-06-06,gn Guinea,L,1.0,2.0,,,,,,J,10000.0,10000.0,10000.0,0.5,0.0,0.0,0.0,
Algeria,Group J,2024-06-10,ug Uganda,W,2.0,1.0,,,,,,J,10000.0,10000.0,10000.0,0.5,0.0,0.0,0.0,
Algeria,Group J,2025-03-21,bw Botswana,W,3.0,1.0,,,,,,J,10000.0,10000.0,10000.0,0.5,0.0,0.0,0.0,
Algeria,Group J,2025-03-25,mz Mozambique,W,5.0,1.0,,,,,,J,10000.0,10000.0,10000.0,0.5,0.0,0.0,0.0,
Algeria,Group J,2025-09-04,bw Botswana,W,3.0,1.0,,,,,,J,10000.0,10000.0,10000.0,0.5,0.0,0.0,0.0,
Algeria,Group J,2025-09-08,gn Guinea,D,0.0,0.0,,,,,,J,10000.0,10000.0,10000.0,0.5,0.0,0.0,0.0,
Algeria,Group J,2025-10-09,so Somalia,W,3.0,0.0,,,,,,J,10000.0,10000.0,10000.0,0.5,0.0,0.0,0.0,
Algeria,Group J,2025-10-14,ug Uganda,W,2.0,1.0,,,,,,J,10000.0,10000.0,10000.0,0.5,0.0,0.0,0.0,
Algeria,Group J,2026-03-27,gt Guatemala,W,7.0,0.0,,,,,,J,10000.0,10000.0,10000.0,0.5,0.0,0.0,0.0,
Algeria,Group J,2026-03-31,uy Uruguay,D,0.0,0.0,,,,,,J,10000.0,10000.0,10000.0,0.5,0.0,0.0,0.0,
Algeria,Group J,2026-06-03,nl Netherlands,W,1.0,0.0,,,,,,J,10000.0,10000.0,10000.0,0.5,0.0,0.0,0.0,
Algeria,Group J,2026-06-10,bo Bolivia,,,,,,,,,J,10000.0,10000.0,10000.0,0.5,0.0,0.0,0.0,
Algeria,Group J,2026-06-16,ar Argentina,,,,,,,,,J,10000.0,10000.0,10000.0,0.5,0.0,0.0,0.0,
Algeria,Group J,2026-06-22,jo Jordan,,,,,,,,,J,10000.0,10000.0,10000.0,0.5,0.0,0.0,0.0,
Algeria,Group J,2026-06-27,at Austria,,,,,,,,,J,10000.0,10000.0,10000.0,0.5,0.0,0.0,0.0,
Austria,Group J,2025-06-07,ro Romania,W,2.0,1.0,60.0,,,,,J,10000.0,10000.0,10000.0,0.5,0.0,0.0,0.0,
Austria,Group J,2025-06-10,sm San Marino,W,4.0,0.0,67.0,,,,,J,10000.0,10000.0,10000.0,0.5,0.0,0.0,0.0,
Austria,Group J,2025-09-06,cy Cyprus,W,1.0,0.0,71.0,,,,,J,10000.0,10000.0,10000.0,0.5,0.0,0.0,0.0,
Austria,Group J,2025-09-09,ba Bosnia-Herzegovina,W,2.0,1.0,58.0,,,,,J,10000.0,10000.0,10000.0,0.5,0.0,0.0,0.0,
Austria,Group J,2025-10-09,sm San Marino,W,10.0,0.0,71.0,,,,,J,10000.0,10000.0,10000.0,0.5,0.0,0.0,0.0,
Austria,Group J,2025-10-12,ro Romania,L,0.0,1.0,54.0,,,,,J,10000.0,10000.0,10000.0,0.5,0.0,0.0,0.0,
Austria,Group J,2025-11-15,cy Cyprus,W,2.0,0.0,63.0,,,,,J,10000.0,10000.0,10000.0,0.5,0.0,0.0,0.0,
Austria,Group J,2025-11-18,ba Bosnia-Herzegovina,D,1.0,1.0,70.0,,,,,J,10000.0,10000.0,10000.0,0.5,0.0,0.0,0.0,
Austria,Group J,2026-03-27,gh Ghana,W,5.0,1.0,,,,,,J,10000.0,10000.0,10000.0,0.5,0.0,0.0,0.0,
Austria,Group J,2026-03-31,kr Korea Republic,W,1.0,0.0,,,,,,J,10000.0,10000.0,10000.0,0.5,0.0,0.0,0.0,
Austria,Group J,2026-06-01,tn Tunisia,W,1.0,0.0,,,,,,J,10000.0,10000.0,10000.0,0.5,0.0,0.0,0.0,
Austria,Group J,2026-06-16,jo Jordan,,,,,,,,,J,10000.0,10000.0,10000.0,0.5,0.0,0.0,0.0,
Austria,Group J,2026-06-22,ar Argentina,,,,,,,,,J,10000.0,10000.0,10000.0,0.5,0.0,0.0,0.0,
Austria,Group J,2026-06-27,dz Algeria,,,,,,,,,J,10000.0,10000.0,10000.0,0.5,0.0,0.0,0.0,
Jordan,Group J,2023-11-16,tj Tajikistan,D,1.0,1.0,,,,,,J,10000.0,10000.0,10000.0,0.5,0.0,0.0,0.0,
Jordan,Group J,2023-11-21,sa Saudi Arabia,L,0.0,2.0,,,,,,J,10000.0,10000.0,10000.0,0.5,0.0,0.0,0.0,
Jordan,Group J,2024-03-21,pk Pakistan,W,3.0,0.0,,,,,,J,10000.0,10000.0,10000.0,0.5,0.0,0.0,0.0,
Jordan,Group J,2024-03-26,pk Pakistan,W,7.0,0.0,,,,,,J,10000.0,10000.0,10000.0,0.5,0.0,0.0,0.0,
Jordan,Group J,2024-06-06,tj Tajikistan,W,3.0,0.0,,,,,,J,10000.0,10000.0,10000.0,0.5,0.0,0.0,0.0,
Jordan,Group J,2024-06-11,sa Saudi Arabia,W,2.0,1.0,,,,,,J,10000.0,10000.0,10000.0,0.5,0.0,0.0,0.0,
Jordan,Group J,2024-09-05,kw Kuwait,D,1.0,1.0,46.0,,,,,J,10000.0,10000.0,10000.0,0.5,0.0,0.0,0.0,
Jordan,Group J,2024-09-10,ps Palestine,W,3.0,1.0,45.0,,,,,J,10000.0,10000.0,10000.0,0.5,0.0,0.0,0.0,
Jordan,Group J,2024-10-10,kr Korea Republic,L,0.0,2.0,25.0,,,,,J,10000.0,10000.0,10000.0,0.5,0.0,0.0,0.0,
Jordan,Group J,2024-10-15,om Oman,W,4.0,0.0,42.0,,,,,J,10000.0,10000.0,10000.0,0.5,0.0,0.0,0.0,
Jordan,Group J,2024-11-14,iq Iraq,D,0.0,0.0,41.0,,,,,J,10000.0,10000.0,10000.0,0.5,0.0,0.0,0.0,
Jordan,Group J,2024-11-19,kw Kuwait,D,1.0,1.0,51.0,,,,,J,10000.0,10000.0,10000.0,0.5,0.0,0.0,0.0,
Jordan,Group J,2025-03-20,ps Palestine,W,3.0,1.0,49.0,,,,,J,10000.0,10000.0,10000.0,0.5,0.0,0.0,0.0,
Jordan,Group J,2025-03-25,kr Korea Republic,D,1.0,1.0,25.0,,,,,J,10000.0,10000.0,10000.0,0.5,0.0,0.0,0.0,
Jordan,Group J,2025-06-05,om Oman,W,3.0,0.0,41.0,,,,,J,10000.0,10000.0,10000.0,0.5,0.0,0.0,0.0,
Jordan,Group J,2025-06-10,iq Iraq,L,0.0,1.0,41.0,,,,,J,10000.0,10000.0,10000.0,0.5,0.0,0.0,0.0,
Jordan,Group J,2026-05-31,ch Switzerland,L,1.0,4.0,,,,,,J,10000.0,10000.0,10000.0,0.5,0.0,0.0,0.0,
Jordan,Group J,2026-06-07,co Colombia,L,0.0,2.0,,,,,,J,10000.0,10000.0,10000.0,0.5,0.0,0.0,0.0,
Jordan,Group J,2026-06-16,at Austria,,,,,,,,,J,10000.0,10000.0,10000.0,0.5,0.0,0.0,0.0,
Jordan,Group J,2026-06-22,dz Algeria,,,,,,,,,J,10000.0,10000.0,10000.0,0.5,0.0,0.0,0.0,
Jordan,Group J,2026-06-27,ar Argentina,,,,,,,,,J,10000.0,10000.0,10000.0,0.5,0.0,0.0,0.0,
Portugal,Group K,2025-09-06,am Armenia,W,5.0,0.0,71.0,,,,,K,1000.0,1100.0,1000.0,9.0,0.0,0.0,1.0,
Portugal,Group K,2025-09-09,hu Hungary,W,3.0,2.0,69.0,,,,,K,1000.0,1100.0,1000.0,9.0,0.0,0.0,1.0,
Portugal,Group K,2025-10-11,ie Rep. of Ireland,W,1.0,0.0,70.0,,,,,K,1000.0,1100.0,1000.0,9.0,0.0,0.0,1.0,
Portugal,Group K,2025-10-14,hu Hungary,D,2.0,2.0,65.0,,,,,K,1000.0,1100.0,1000.0,9.0,0.0,0.0,1.0,
Portugal,Group K,2025-11-13,ie Rep. of Ireland,L,0.0,2.0,77.0,,,,,K,1000.0,1100.0,1000.0,9.0,0.0,0.0,1.0,
Portugal,Group K,2025-11-16,am Armenia,W,9.0,1.0,76.0,,,,,K,1000.0,1100.0,1000.0,9.0,0.0,0.0,1.0,
Portugal,Group K,2026-03-28,mx Mexico,D,0.0,0.0,,,,,,K,1000.0,1100.0,1000.0,9.0,0.0,0.0,1.0,
Portugal,Group K,2026-03-31,us United States,W,2.0,0.0,,,,,,K,1000.0,1100.0,1000.0,9.0,0.0,0.0,1.0,
Portugal,Group K,2026-06-06,cl Chile,W,2.0,1.0,,,,,,K,1000.0,1100.0,1000.0,9.0,0.0,0.0,1.0,
Portugal,Group K,2026-06-10,ng Nigeria,,,,,,,,,K,1000.0,1100.0,1000.0,9.0,0.0,0.0,1.0,
Portugal,Group K,2026-06-17,cd Congo DR,,,,,,,,,K,1000.0,1100.0,1000.0,9.0,0.0,0.0,1.0,
Portugal,Group K,2026-06-23,uz Uzbekistan,,,,,,,,,K,1000.0,1100.0,1000.0,9.0,0.0,0.0,1.0,
Portugal,Group K,2026-06-27,co Colombia,,,,,,,,,K,1000.0,1100.0,1000.0,9.0,0.0,0.0,1.0,
DR Congo,Group K,2023-11-15,mr Mauritania,W,2.0,0.0,,,,,,,,,,,,,,
DR Congo,Group K,2023-11-19,sd Sudan,L,0.0,1.0,,,,,,,,,,,,,,
DR Congo,Group K,2024-06-06,sn Senegal,D,1.0,1.0,,,,,,,,,,,,,,
DR Congo,Group K,2024-06-09,tg Togo,W,1.0,0.0,,,,,,,,,,,,,,
DR Congo,Group K,2025-03-21,ss South Sudan,W,1.0,0.0,,,,,,,,,,,,,,
DR Congo,Group K,2025-03-25,mr Mauritania,W,2.0,0.0,,,,,,,,,,,,,,
DR Congo,Group K,2025-09-05,ss South Sudan,W,4.0,1.0,,,,,,,,,,,,,,
DR Congo,Group K,2025-09-09,sn Senegal,L,2.0,3.0,,,,,,,,,,,,,,
DR Congo,Group K,2025-10-10,tg Togo,W,1.0,0.0,,,,,,,,,,,,,,
DR Congo,Group K,2025-10-14,sd Sudan,W,1.0,0.0,,,,,,,,,,,,,,
DR Congo,Group K,2025-11-13,cm Cameroon,W,1.0,0.0,,,,,,,,,,,,,,
DR Congo,Group K,2025-11-16,ng Nigeria,D,,,,,,,,,,,,,,,,
DR Congo,Group K,2026-03-25,bm Bermuda,W,2.0,0.0,,,,,,,,,,,,,,
DR Congo,Group K,2026-03-31,jm Jamaica,W,1.0,0.0,,,,,,,,,,,,,,
DR Congo,Group K,2026-06-03,dk Denmark,D,0.0,0.0,,,,,,,,,,,,,,
DR Congo,Group K,2026-06-09,cl Chile,L,1.0,2.0,,,,,,,,,,,,,,
DR Congo,Group K,2026-06-17,pt Portugal,,,,,,,,,,,,,,,,,
DR Congo,Group K,2026-06-23,co Colombia,,,,,,,,,,,,,,,,,
DR Congo,Group K,2026-06-27,uz Uzbekistan,,,,,,,,,,,,,,,,,
Uzbekistan,Group K,2023-11-16,tm Turkmenistan,W,3.0,1.0,,,,,,K,10000.0,10000.0,10000.0,0.5,0.0,0.0,0.0,
Uzbekistan,Group K,2023-11-21,ir IR Iran,D,2.0,2.0,,,,,,K,10000.0,10000.0,10000.0,0.5,0.0,0.0,0.0,
Uzbekistan,Group K,2024-03-21,hk Hong Kong,W,2.0,0.0,,,,,,K,10000.0,10000.0,10000.0,0.5,0.0,0.0,0.0,
Uzbekistan,Group K,2024-03-26,hk Hong Kong,W,3.0,0.0,,,,,,K,10000.0,10000.0,10000.0,0.5,0.0,0.0,0.0,
Uzbekistan,Group K,2024-06-06,tm Turkmenistan,W,3.0,1.0,,,,,,K,10000.0,10000.0,10000.0,0.5,0.0,0.0,0.0,
Uzbekistan,Group K,2024-06-11,ir IR Iran,D,0.0,0.0,,,,,,K,10000.0,10000.0,10000.0,0.5,0.0,0.0,0.0,
Uzbekistan,Group K,2024-09-05,kp Korea DPR,W,1.0,0.0,47.0,,,,,K,10000.0,10000.0,10000.0,0.5,0.0,0.0,0.0,
Uzbekistan,Group K,2024-09-10,kg Kyrgyz Republic,W,3.0,2.0,63.0,,,,,K,10000.0,10000.0,10000.0,0.5,0.0,0.0,0.0,
Uzbekistan,Group K,2024-10-10,ir IR Iran,D,0.0,0.0,45.0,,,,,K,10000.0,10000.0,10000.0,0.5,0.0,0.0,0.0,
Uzbekistan,Group K,2024-10-15,ae UAE,W,1.0,0.0,60.0,,,,,K,10000.0,10000.0,10000.0,0.5,0.0,0.0,0.0,
Uzbekistan,Group K,2024-11-14,qa Qatar,L,2.0,3.0,54.0,,,,,K,10000.0,10000.0,10000.0,0.5,0.0,0.0,0.0,
Uzbekistan,Group K,2024-11-19,kp Korea DPR,W,1.0,0.0,41.0,,,,,K,10000.0,10000.0,10000.0,0.5,0.0,0.0,0.0,
Uzbekistan,Group K,2025-03-20,kg Kyrgyz Republic,W,1.0,0.0,74.0,,,,,K,10000.0,10000.0,10000.0,0.5,0.0,0.0,0.0,
Uzbekistan,Group K,2025-03-25,ir IR Iran,D,2.0,2.0,39.0,,,,,K,10000.0,10000.0,10000.0,0.5,0.0,0.0,0.0,
Uzbekistan,Group K,2025-06-05,ae UAE,D,0.0,0.0,39.0,,,,,K,10000.0,10000.0,10000.0,0.5,0.0,0.0,0.0,
Uzbekistan,Group K,2025-06-10,qa Qatar,W,3.0,0.0,61.0,,,,,K,10000.0,10000.0,10000.0,0.5,0.0,0.0,0.0,
Uzbekistan,Group K,2026-06-01,ca Canada,L,0.0,2.0,,,,,,K,10000.0,10000.0,10000.0,0.5,0.0,0.0,0.0,
Uzbekistan,Group K,2026-06-08,nl Netherlands,L,1.0,2.0,,,,,,K,10000.0,10000.0,10000.0,0.5,0.0,0.0,0.0,
Uzbekistan,Group K,2026-06-17,co Colombia,,,,,,,,,K,10000.0,10000.0,10000.0,0.5,0.0,0.0,0.0,
Uzbekistan,Group K,2026-06-23,pt Portugal,,,,,,,,,K,10000.0,10000.0,10000.0,0.5,0.0,0.0,0.0,
Uzbekistan,Group K,2026-06-27,cd Congo DR,,,,,,,,,K,10000.0,10000.0,10000.0,0.5,0.0,0.0,0.0,
Colombia,Group K,2023-09-07,ve Venezuela,W,1.0,0.0,70.0,,,,,K,4000.0,5000.0,5000.0,2.4,0.0,0.0,0.0,
Colombia,Group K,2023-09-12,cl Chile,D,0.0,0.0,49.0,,,,,K,4000.0,5000.0,5000.0,2.4,0.0,0.0,0.0,
Colombia,Group K,2023-10-12,uy Uruguay,D,2.0,2.0,49.0,,,,,K,4000.0,5000.0,5000.0,2.4,0.0,0.0,0.0,
Colombia,Group K,2023-10-17,ec Ecuador,D,0.0,0.0,46.0,,,,,K,4000.0,5000.0,5000.0,2.4,0.0,0.0,0.0,
Colombia,Group K,2023-11-16,br Brazil,W,2.0,1.0,40.0,,,,,K,4000.0,5000.0,5000.0,2.4,0.0,0.0,0.0,
Colombia,Group K,2023-11-21,py Paraguay,W,1.0,0.0,59.0,,,,,K,4000.0,5000.0,5000.0,2.4,0.0,0.0,0.0,
Colombia,Group K,2024-09-06,pe Peru,D,1.0,1.0,70.0,,,,,K,4000.0,5000.0,5000.0,2.4,0.0,0.0,0.0,
Colombia,Group K,2024-09-10,ar Argentina,W,2.0,1.0,47.0,,,,,K,4000.0,5000.0,5000.0,2.4,0.0,0.0,0.0,
Colombia,Group K,2024-10-10,bo Bolivia,L,0.0,1.0,65.0,,,,,K,4000.0,5000.0,5000.0,2.4,0.0,0.0,0.0,
Colombia,Group K,2024-10-15,cl Chile,W,4.0,0.0,62.0,,,,,K,4000.0,5000.0,5000.0,2.4,0.0,0.0,0.0,
Colombia,Group K,2024-11-15,uy Uruguay,L,2.0,3.0,55.0,,,,,K,4000.0,5000.0,5000.0,2.4,0.0,0.0,0.0,
Colombia,Group K,2024-11-19,ec Ecuador,L,0.0,1.0,67.0,,,,,K,4000.0,5000.0,5000.0,2.4,0.0,0.0,0.0,
Colombia,Group K,2025-03-20,br Brazil,L,1.0,2.0,49.0,,,,,K,4000.0,5000.0,5000.0,2.4,0.0,0.0,0.0,
Colombia,Group K,2025-03-25,py Paraguay,D,2.0,2.0,61.0,,,,,K,4000.0,5000.0,5000.0,2.4,0.0,0.0,0.0,
Colombia,Group K,2025-06-06,pe Peru,D,0.0,0.0,71.0,,,,,K,4000.0,5000.0,5000.0,2.4,0.0,0.0,0.0,
Colombia,Group K,2025-06-10,ar Argentina,D,1.0,1.0,36.0,,,,,K,4000.0,5000.0,5000.0,2.4,0.0,0.0,0.0,
Colombia,Group K,2025-09-04,bo Bolivia,W,3.0,0.0,64.0,,,,,K,4000.0,5000.0,5000.0,2.4,0.0,0.0,0.0,
Colombia,Group K,2025-09-09,ve Venezuela,W,6.0,3.0,64.0,,,,,K,4000.0,5000.0,5000.0,2.4,0.0,0.0,0.0,
Colombia,Group K,2026-03-26,hr Croatia,L,1.0,2.0,,,,,,K,4000.0,5000.0,5000.0,2.4,0.0,0.0,0.0,
Colombia,Group K,2026-03-29,fr France,L,1.0,3.0,,,,,,K,4000.0,5000.0,5000.0,2.4,0.0,0.0,0.0,
Colombia,Group K,2026-06-01,cr Costa Rica,W,3.0,1.0,,,,,,K,4000.0,5000.0,5000.0,2.4,0.0,0.0,0.0,
Colombia,Group K,2026-06-07,jo Jordan,W,2.0,0.0,,,,,,K,4000.0,5000.0,5000.0,2.4,0.0,0.0,0.0,
Colombia,Group K,2026-06-17,uz Uzbekistan,,,,,,,,,K,4000.0,5000.0,5000.0,2.4,0.0,0.0,0.0,
Colombia,Group K,2026-06-23,cd Congo DR,,,,,,,,,K,4000.0,5000.0,5000.0,2.4,0.0,0.0,0.0,
Colombia,Group K,2026-06-27,pt Portugal,,,,,,,,,K,4000.0,5000.0,5000.0,2.4,0.0,0.0,0.0,
England,Group L,2025-03-21,al Albania,W,2.0,0.0,74.0,,,,,L,650.0,600.0,650.0,13.3,1.0,1.0,4.0,1966.0
England,Group L,2025-03-24,lv Latvia,W,3.0,0.0,74.0,,,,,L,650.0,600.0,650.0,13.3,1.0,1.0,4.0,1966.0
England,Group L,2025-06-07,ad Andorra,W,1.0,0.0,83.0,,,,,L,650.0,600.0,650.0,13.3,1.0,1.0,4.0,1966.0
England,Group L,2025-09-06,ad Andorra,W,2.0,0.0,83.0,,,,,L,650.0,600.0,650.0,13.3,1.0,1.0,4.0,1966.0
England,Group L,2025-09-09,rs Serbia,W,5.0,0.0,70.0,,,,,L,650.0,600.0,650.0,13.3,1.0,1.0,4.0,1966.0
England,Group L,2025-10-14,lv Latvia,W,5.0,0.0,72.0,,,,,L,650.0,600.0,650.0,13.3,1.0,1.0,4.0,1966.0
England,Group L,2025-11-13,rs Serbia,W,2.0,0.0,70.0,,,,,L,650.0,600.0,650.0,13.3,1.0,1.0,4.0,1966.0
England,Group L,2025-11-16,al Albania,W,2.0,0.0,70.0,,,,,L,650.0,600.0,650.0,13.3,1.0,1.0,4.0,1966.0
England,Group L,2026-03-27,uy Uruguay,D,1.0,1.0,,,,,,L,650.0,600.0,650.0,13.3,1.0,1.0,4.0,1966.0
England,Group L,2026-03-31,jp Japan,L,0.0,1.0,,,,,,L,650.0,600.0,650.0,13.3,1.0,1.0,4.0,1966.0
England,Group L,2026-06-06,nz New Zealand,W,1.0,0.0,,,,,,L,650.0,600.0,650.0,13.3,1.0,1.0,4.0,1966.0
England,Group L,2026-06-10,cr Costa Rica,,,,,,,,,L,650.0,600.0,650.0,13.3,1.0,1.0,4.0,1966.0
England,Group L,2026-06-17,hr Croatia,,,,,,,,,L,650.0,600.0,650.0,13.3,1.0,1.0,4.0,1966.0
England,Group L,2026-06-23,gh Ghana,,,,,,,,,L,650.0,600.0,650.0,13.3,1.0,1.0,4.0,1966.0
England,Group L,2026-06-27,pa Panama,,,,,,,,,L,650.0,600.0,650.0,13.3,1.0,1.0,4.0,1966.0
Croatia,Group L,2025-06-06,gi Gibraltar,W,7.0,0.0,69.0,,,,,L,10000.0,10000.0,10000.0,0.5,0.0,0.0,0.0,
Croatia,Group L,2025-06-09,cz Czechia,W,5.0,1.0,61.0,,,,,L,10000.0,10000.0,10000.0,0.5,0.0,0.0,0.0,
Croatia,Group L,2025-09-05,fo Faroe Islands,W,1.0,0.0,74.0,,,,,L,10000.0,10000.0,10000.0,0.5,0.0,0.0,0.0,
Croatia,Group L,2025-09-08,me Montenegro,W,4.0,0.0,75.0,,,,,L,10000.0,10000.0,10000.0,0.5,0.0,0.0,0.0,
Croatia,Group L,2025-10-09,cz Czechia,D,0.0,0.0,58.0,,,,,L,10000.0,10000.0,10000.0,0.5,0.0,0.0,0.0,
Croatia,Group L,2025-10-12,gi Gibraltar,W,3.0,0.0,81.0,,,,,L,10000.0,10000.0,10000.0,0.5,0.0,0.0,0.0,
Croatia,Group L,2025-11-14,fo Faroe Islands,W,3.0,1.0,81.0,,,,,L,10000.0,10000.0,10000.0,0.5,0.0,0.0,0.0,
Croatia,Group L,2025-11-17,me Montenegro,W,3.0,2.0,63.0,,,,,L,10000.0,10000.0,10000.0,0.5,0.0,0.0,0.0,
Croatia,Group L,2026-03-26,co Colombia,W,2.0,1.0,,,,,,L,10000.0,10000.0,10000.0,0.5,0.0,0.0,0.0,
Croatia,Group L,2026-03-31,br Brazil,L,1.0,3.0,,,,,,L,10000.0,10000.0,10000.0,0.5,0.0,0.0,0.0,
Croatia,Group L,2026-06-02,be Belgium,L,0.0,2.0,,,,,,L,10000.0,10000.0,10000.0,0.5,0.0,0.0,0.0,
Croatia,Group L,2026-06-07,si Slovenia,W,2.0,1.0,,,,,,L,10000.0,10000.0,10000.0,0.5,0.0,0.0,0.0,
Croatia,Group L,2026-06-17,eng England,,,,,,,,,L,10000.0,10000.0,10000.0,0.5,0.0,0.0,0.0,
Croatia,Group L,2026-06-23,pa Panama,,,,,,,,,L,10000.0,10000.0,10000.0,0.5,0.0,0.0,0.0,
Croatia,Group L,2026-06-27,gh Ghana,,,,,,,,,L,10000.0,10000.0,10000.0,0.5,0.0,0.0,0.0,
Ghana,Group L,2023-11-17,mg Madagascar,W,1.0,0.0,,,,,,L,10000.0,10000.0,10000.0,0.5,0.0,0.0,0.0,
Ghana,Group L,2023-11-21,km Comoros,L,0.0,1.0,,,,,,L,10000.0,10000.0,10000.0,0.5,0.0,0.0,0.0,
Ghana,Group L,2024-06-06,ml Mali,W,2.0,1.0,,,,,,L,10000.0,10000.0,10000.0,0.5,0.0,0.0,0.0,
Ghana,Group L,2024-06-10,cf CAR,W,4.0,3.0,,,,,,L,10000.0,10000.0,10000.0,0.5,0.0,0.0,0.0,
Ghana,Group L,2025-03-21,td Chad,W,5.0,0.0,,,,,,L,10000.0,10000.0,10000.0,0.5,0.0,0.0,0.0,
Ghana,Group L,2025-03-24,mg Madagascar,W,3.0,0.0,,,,,,L,10000.0,10000.0,10000.0,0.5,0.0,0.0,0.0,
Ghana,Group L,2025-09-04,td Chad,D,1.0,1.0,,,,,,L,10000.0,10000.0,10000.0,0.5,0.0,0.0,0.0,
Ghana,Group L,2025-09-08,ml Mali,W,1.0,0.0,,,,,,L,10000.0,10000.0,10000.0,0.5,0.0,0.0,0.0,
Ghana,Group L,2025-10-08,cf CAR,W,5.0,0.0,,,,,,L,10000.0,10000.0,10000.0,0.5,0.0,0.0,0.0,
Ghana,Group L,2025-10-12,km Comoros,W,1.0,0.0,,,,,,L,10000.0,10000.0,10000.0,0.5,0.0,0.0,0.0,
Ghana,Group L,2026-03-27,at Austria,L,1.0,5.0,,,,,,L,10000.0,10000.0,10000.0,0.5,0.0,0.0,0.0,
Ghana,Group L,2026-03-30,de Germany,L,1.0,2.0,,,,,,L,10000.0,10000.0,10000.0,0.5,0.0,0.0,0.0,
Ghana,Group L,2026-05-22,mx Mexico,L,0.0,2.0,,,,,,L,10000.0,10000.0,10000.0,0.5,0.0,0.0,0.0,
Ghana,Group L,2026-06-02,wls Wales,D,1.0,1.0,,,,,,L,10000.0,10000.0,10000.0,0.5,0.0,0.0,0.0,
Ghana,Group L,2026-06-17,pa Panama,,,,,,,,,L,10000.0,10000.0,10000.0,0.5,0.0,0.0,0.0,
Ghana,Group L,2026-06-23,eng England,,,,,,,,,L,10000.0,10000.0,10000.0,0.5,0.0,0.0,0.0,
Ghana,Group L,2026-06-27,hr Croatia,,,,,,,,,L,10000.0,10000.0,10000.0,0.5,0.0,0.0,0.0,
Panama,Group L,2024-06-06,gy Guyana,W,2.0,0.0,,,,,,L,10000.0,10000.0,10000.0,0.5,0.0,0.0,0.0,
Panama,Group L,2024-06-09,ms Montserrat,W,3.0,1.0,,,,,,L,10000.0,10000.0,10000.0,0.5,0.0,0.0,0.0,
Panama,Group L,2025-06-07,bz Belize,W,2.0,0.0,,,,,,L,10000.0,10000.0,10000.0,0.5,0.0,0.0,0.0,
Panama,Group L,2025-06-10,ni Nicaragua,W,3.0,0.0,,,,,,L,10000.0,10000.0,10000.0,0.5,0.0,0.0,0.0,
Panama,Group L,2025-09-04,sr Suriname,D,0.0,0.0,,,,,,L,10000.0,10000.0,10000.0,0.5,0.0,0.0,0.0,
Panama,Group L,2025-09-08,gt Guatemala,D,1.0,1.0,,,,,,L,10000.0,10000.0,10000.0,0.5,0.0,0.0,0.0,
Panama,Group L,2025-10-10,sv El Salvador,W,1.0,0.0,,,,,,L,10000.0,10000.0,10000.0,0.5,0.0,0.0,0.0,
Panama,Group L,2025-10-14,sr Suriname,D,1.0,1.0,,,,,,L,10000.0,10000.0,10000.0,0.5,0.0,0.0,0.0,
Panama,Group L,2025-11-13,gt Guatemala,W,3.0,2.0,,,,,,L,10000.0,10000.0,10000.0,0.5,0.0,0.0,0.0,
Panama,Group L,2025-11-18,sv El Salvador,W,3.0,0.0,,,,,,L,10000.0,10000.0,10000.0,0.5,0.0,0.0,0.0,
Panama,Group L,2026-03-27,za South Africa,D,1.0,1.0,,,,,,L,10000.0,10000.0,10000.0,0.5,0.0,0.0,0.0,
Panama,Group L,2026-03-31,za South Africa,W,2.0,1.0,,,,,,L,10000.0,10000.0,10000.0,0.5,0.0,0.0,0.0,
Panama,Group L,2026-05-31,br Brazil,L,2.0,6.0,,,,,,L,10000.0,10000.0,10000.0,0.5,0.0,0.0,0.0,
Panama,Group L,2026-06-03,do Dominican Rep.,W,4.0,2.0,,,,,,L,10000.0,10000.0,10000.0,0.5,0.0,0.0,0.0,
Panama,Group L,2026-06-06,ba Bosnia-Herzegovina,D,1.0,1.0,,,,,,L,10000.0,10000.0,10000.0,0.5,0.0,0.0,0.0,
Panama,Group L,2026-06-17,gh Ghana,,,,,,,,,L,10000.0,10000.0,10000.0,0.5,0.0,0.0,0.0,
Panama,Group L,2026-06-23,hr Croatia,,,,,,,,,L,10000.0,10000.0,10000.0,0.5,0.0,0.0,0.0,
Panama,Group L,2026-06-27,eng England,,,,,,,,,L,10000.0,10000.0,10000.0,0.5,0.0,0.0,0.0,
